event_id	peak_id	gene	atac_coef	atac_se	atac_z	atac_fdr	rna_coef	rna_se	rna_z	rna_fdr
BCL11B:chr1:1060000_chr1:1307786-1308731_distal_250kb	chr1:1307786-1308731	BCL11B:chr1:1060000	1.4929075886611107	0.5011409745848798	2.979017211469808	0.024925852220150254	-0.005227032830850131	0.5030459811610195	-0.010390765509717919	0.9999455679334293
ATF7IP:chr1:1065000_chr1:1307786-1308731_distal_250kb	chr1:1307786-1308731	ATF7IP:chr1:1065000	1.4929075886611107	0.5011409745848798	2.979017211469808	0.024925852220150254	0.033770268527222924	0.5036711538675649	0.06704824818318356	0.9999455679334293
QKI:chr1:1070000_chr1:1307786-1308731_distal_250kb	chr1:1307786-1308731	QKI:chr1:1070000	1.4929075886611107	0.5011409745848798	2.979017211469808	0.024925852220150254	0.021097745049700745	0.5031619794474733	0.041930324451120826	0.9999455679334293
FLNA:chr1:1075000_chr1:1307786-1308731_distal_250kb	chr1:1307786-1308731	FLNA:chr1:1075000	1.4929075886611107	0.5011409745848798	2.979017211469808	0.024925852220150254	0.11119252237272703	0.5034536719598965	0.22085949227436413	0.9999455679334293
PKN2:chr1:1080000_chr1:1307786-1308731_distal_250kb	chr1:1307786-1308731	PKN2:chr1:1080000	1.4929075886611107	0.5011409745848798	2.979017211469808	0.024925852220150254	-0.02199729320092353	0.5035495647320525	-0.043684464731150494	0.9999455679334293
CAP1:chr1:1085000_chr1:1307786-1308731_distal_250kb	chr1:1307786-1308731	CAP1:chr1:1085000	1.4929075886611107	0.5011409745848798	2.979017211469808	0.024925852220150254	-0.034124903756380554	0.5035939598471838	-0.0677627344194831	0.9999455679334293
SEPTIN9:chr1:1090000_chr1:1307786-1308731_distal_250kb	chr1:1307786-1308731	SEPTIN9:chr1:1090000	1.4929075886611107	0.5011409745848798	2.979017211469808	0.024925852220150254	-0.06893907251957404	0.5036828050234416	-0.13687001388972486	0.9999455679334293
CEP85L:chr1:1095000_chr1:1307786-1308731_distal_250kb	chr1:1307786-1308731	CEP85L:chr1:1095000	1.4929075886611107	0.5011409745848798	2.979017211469808	0.024925852220150254	-0.0684758319558127	0.5035333447925948	-0.13599066013000163	0.9999455679334293
CHD1:chr1:1100000_chr1:1307786-1308731_distal_250kb	chr1:1307786-1308731	CHD1:chr1:1100000	1.4929075886611107	0.5011409745848798	2.979017211469808	0.024925852220150254	0.014259651142999652	0.5034819584313329	0.028322069746903246	0.9999455679334293
TNRC6A:chr1:1105000_chr1:1307786-1308731_distal_250kb	chr1:1307786-1308731	TNRC6A:chr1:1105000	1.4929075886611107	0.5011409745848798	2.979017211469808	0.024925852220150254	0.03257210027658647	0.5036498430614845	0.06467211441701995	0.9999455679334293
FOXO1:chr1:1110000_chr1:1307786-1308731_distal_250kb	chr1:1307786-1308731	FOXO1:chr1:1110000	1.4929075886611107	0.5011409745848798	2.979017211469808	0.024925852220150254	-0.13109296825511502	0.5034925121649062	-0.2603672648307009	0.9999455679334293
DDX21:chr1:1115000_chr1:1307786-1308731_distal_250kb	chr1:1307786-1308731	DDX21:chr1:1115000	1.4929075886611107	0.5011409745848798	2.979017211469808	0.024925852220150254	-0.03461797587992094	0.5035740533149756	-0.06874455832669377	0.9999455679334293
TAPBP:chr1:1120000_chr1:1307786-1308731_distal_250kb	chr1:1307786-1308731	TAPBP:chr1:1120000	1.4929075886611107	0.5011409745848798	2.979017211469808	0.024925852220150254	0.025281815106961203	0.5036694863953107	0.050195248649862585	0.9999455679334293
ATG7:chr1:1125000_chr1:1307786-1308731_distal_250kb	chr1:1307786-1308731	ATG7:chr1:1125000	1.4929075886611107	0.5011409745848798	2.979017211469808	0.024925852220150254	-0.06350516940362261	0.503177899573995	-0.12620818493297883	0.9999455679334293
MCL1:chr1:1130000_chr1:1307786-1308731_distal_250kb	chr1:1307786-1308731	MCL1:chr1:1130000	1.4929075886611107	0.5011409745848798	2.979017211469808	0.024925852220150254	0.16343604790964028	0.5034871991500832	0.32460814929462	0.9999455679334293
EIF3A:chr1:1135000_chr1:1307786-1308731_distal_250kb	chr1:1307786-1308731	EIF3A:chr1:1135000	1.4929075886611107	0.5011409745848798	2.979017211469808	0.024925852220150254	0.02776925170174782	0.503637665109838	0.055137360895539146	0.9999455679334293
MEF2A:chr1:1140000_chr1:1307786-1308731_distal_250kb	chr1:1307786-1308731	MEF2A:chr1:1140000	1.4929075886611107	0.5011409745848798	2.979017211469808	0.024925852220150254	0.008950032972389277	0.5033547378890533	0.017780766323812758	0.9999455679334293
ACTR3:chr1:1145000_chr1:1307786-1308731_distal_250kb	chr1:1307786-1308731	ACTR3:chr1:1145000	1.4929075886611107	0.5011409745848798	2.979017211469808	0.024925852220150254	0.048857070216991205	0.5035483204255329	0.09702558470595955	0.9999455679334293
PUM1:chr1:1150000_chr1:1307786-1308731_distal_250kb	chr1:1307786-1308731	PUM1:chr1:1150000	1.4929075886611107	0.5011409745848798	2.979017211469808	0.024925852220150254	0.08686312959973541	0.5037253018404207	0.17244146617684392	0.9999455679334293
PIK3CD:chr1:1155000_chr1:1307786-1308731_distal_250kb	chr1:1307786-1308731	PIK3CD:chr1:1155000	1.4929075886611107	0.5011409745848798	2.979017211469808	0.024925852220150254	-0.08945514088458506	0.5035775616214806	-0.17763925103522576	0.9999455679334293
TPM3:chr1:1160000_chr1:1307786-1308731_distal_250kb	chr1:1307786-1308731	TPM3:chr1:1160000	1.4929075886611107	0.5011409745848798	2.979017211469808	0.024925852220150254	0.016295342148491654	0.5034948842679466	0.03236446418355207	0.9999455679334293
ZNF638:chr1:1165000_chr1:1307786-1308731_distal_250kb	chr1:1307786-1308731	ZNF638:chr1:1165000	1.4929075886611107	0.5011409745848798	2.979017211469808	0.024925852220150254	-0.04910780738540188	0.5036531351548623	-0.09750322981768456	0.9999455679334293
ITFG1:chr1:1170000_chr1:1307786-1308731_distal_250kb	chr1:1307786-1308731	ITFG1:chr1:1170000	1.4929075886611107	0.5011409745848798	2.979017211469808	0.024925852220150254	0.13542002814246767	0.5034027056422655	0.26900933710654623	0.9999455679334293
RAP1A:chr1:1175000_chr1:1307786-1308731_distal_250kb	chr1:1307786-1308731	RAP1A:chr1:1175000	1.4929075886611107	0.5011409745848798	2.979017211469808	0.024925852220150254	-0.030859996903728926	0.5034978123024691	-0.061291223416856125	0.9999455679334293
WASF2:chr1:1180000_chr1:1307786-1308731_distal_250kb	chr1:1307786-1308731	WASF2:chr1:1180000	1.4929075886611107	0.5011409745848798	2.979017211469808	0.024925852220150254	0.02378704214133548	0.503561046055551	0.047237653364298124	0.9999455679334293
ADK:chr1:1185000_chr1:1307786-1308731_distal_250kb	chr1:1307786-1308731	ADK:chr1:1185000	1.4929075886611107	0.5011409745848798	2.979017211469808	0.024925852220150254	-0.03503949784476201	0.5033376455798672	-0.06961429996835418	0.9999455679334293
RBM6:chr1:1190000_chr1:1307786-1308731_distal_250kb	chr1:1307786-1308731	RBM6:chr1:1190000	1.4929075886611107	0.5011409745848798	2.979017211469808	0.024925852220150254	0.01222753111433561	0.5035160115116332	0.02428429451056912	0.9999455679334293
BAZ1A:chr1:1195000_chr1:1307786-1308731_distal_250kb	chr1:1307786-1308731	BAZ1A:chr1:1195000	1.4929075886611107	0.5011409745848798	2.979017211469808	0.024925852220150254	0.09057861156367775	0.503465598825828	0.17991022976529739	0.9999455679334293
ITPR2:chr1:1200000_chr1:1307786-1308731_distal_250kb	chr1:1307786-1308731	ITPR2:chr1:1200000	1.4929075886611107	0.5011409745848798	2.979017211469808	0.024925852220150254	0.10936369801328949	0.5034817664163848	0.21721481354072425	0.9999455679334293
ARPC3:chr1:1205000_chr1:1307786-1308731_distal_250kb	chr1:1307786-1308731	ARPC3:chr1:1205000	1.4929075886611107	0.5011409745848798	2.979017211469808	0.024925852220150254	0.003202536113234511	0.5035487801510333	0.00635993222399218	0.9999455679334293
PCM1:chr1:1210000_chr1:1307786-1308731_distal_250kb	chr1:1307786-1308731	PCM1:chr1:1210000	1.4929075886611107	0.5011409745848798	2.979017211469808	0.024925852220150254	-0.00404832577293085	0.5036292238668232	-0.008038305922456489	0.9999455679334293
MAP3K1:chr1:1215000_chr1:1307786-1308731_distal_250kb	chr1:1307786-1308731	MAP3K1:chr1:1215000	1.4929075886611107	0.5011409745848798	2.979017211469808	0.024925852220150254	0.0040877871227937845	0.503411058513162	0.008120177444784731	0.9999455679334293
SEPTIN6:chr1:1220000_chr1:1307786-1308731_distal_250kb	chr1:1307786-1308731	SEPTIN6:chr1:1220000	1.4929075886611107	0.5011409745848798	2.979017211469808	0.024925852220150254	-0.20656089319562027	0.5035135362189107	-0.4102390071710298	0.9999455679334293
KLF12:chr1:1225000_chr1:1307786-1308731_distal_250kb	chr1:1307786-1308731	KLF12:chr1:1225000	1.4929075886611107	0.5011409745848798	2.979017211469808	0.024925852220150254	-0.1936546401538256	0.5032736008788571	-0.3847899826568495	0.9999455679334293
HLA-F:chr1:1230000_chr1:1307786-1308731_distal_250kb	chr1:1307786-1308731	HLA-F:chr1:1230000	1.4929075886611107	0.5011409745848798	2.979017211469808	0.024925852220150254	-0.07665792538325877	0.5036917419193627	-0.15219214254168006	0.9999455679334293
PAG1:chr1:1235000_chr1:1307786-1308731_distal_250kb	chr1:1307786-1308731	PAG1:chr1:1235000	1.4929075886611107	0.5011409745848798	2.979017211469808	0.024925852220150254	-0.08971716599281099	0.5034659967725352	-0.1781990572708826	0.9999455679334293
TRAPPC9:chr1:1240000_chr1:1307786-1308731_distal_250kb	chr1:1307786-1308731	TRAPPC9:chr1:1240000	1.4929075886611107	0.5011409745848798	2.979017211469808	0.024925852220150254	0.07233616786293218	0.5034549498642695	0.1436795246177118	0.9999455679334293
STAG2:chr1:1245000_chr1:1307786-1308731_distal_250kb	chr1:1307786-1308731	STAG2:chr1:1245000	1.4929075886611107	0.5011409745848798	2.979017211469808	0.024925852220150254	0.008324240924057202	0.5036725197830824	0.01652708972020594	0.9999455679334293
ST6GAL1:chr1:1250000_chr1:1307786-1308731_distal_250kb	chr1:1307786-1308731	ST6GAL1:chr1:1250000	1.4929075886611107	0.5011409745848798	2.979017211469808	0.024925852220150254	-0.17559716496249256	0.5033975811042326	-0.34882401416651565	0.9999455679334293
HLA-DRA:chr1:1255000_chr1:1307786-1308731_distal_250kb	chr1:1307786-1308731	HLA-DRA:chr1:1255000	1.4929075886611107	0.5011409745848798	2.979017211469808	0.024925852220150254	0.09241506361076535	0.5028984067797698	0.18376487649370485	0.9999455679334293
KTN1:chr1:1260000_chr1:1307786-1308731_distal_250kb	chr1:1307786-1308731	KTN1:chr1:1260000	1.4929075886611107	0.5011409745848798	2.979017211469808	0.024925852220150254	-0.058463668573757954	0.5036178501483096	-0.11608736377501529	0.9999455679334293
EMP3:chr1:1265000_chr1:1307786-1308731_distal_250kb	chr1:1307786-1308731	EMP3:chr1:1265000	1.4929075886611107	0.5011409745848798	2.979017211469808	0.024925852220150254	-0.01052289641898324	0.5035994917478377	-0.020895367432682527	0.9999455679334293
UVRAG:chr1:1270000_chr1:1307786-1308731_distal_250kb	chr1:1307786-1308731	UVRAG:chr1:1270000	1.4929075886611107	0.5011409745848798	2.979017211469808	0.024925852220150254	-0.037434916575874555	0.50332954310073	-0.07437456650221465	0.9999455679334293
CCNY:chr1:1275000_chr1:1307786-1308731_distal_250kb	chr1:1307786-1308731	CCNY:chr1:1275000	1.4929075886611107	0.5011409745848798	2.979017211469808	0.024925852220150254	0.05503075760421594	0.5034318215986662	0.1093112418469372	0.9999455679334293
NFKB1:chr1:1280000_chr1:1307786-1308731_distal_250kb	chr1:1307786-1308731	NFKB1:chr1:1280000	1.4929075886611107	0.5011409745848798	2.979017211469808	0.024925852220150254	0.008459727329079292	0.5035793702055699	0.01679919359211614	0.9999455679334293
FOSB:chr1:1285000_chr1:1307786-1308731_distal_250kb	chr1:1307786-1308731	FOSB:chr1:1285000	1.4929075886611107	0.5011409745848798	2.979017211469808	0.024925852220150254	-0.030725187372022345	0.5031491244009133	-0.061065767348012445	0.9999455679334293
PRMT2:chr1:1290000_chr1:1307786-1308731_distal_250kb	chr1:1307786-1308731	PRMT2:chr1:1290000	1.4929075886611107	0.5011409745848798	2.979017211469808	0.024925852220150254	-0.030320127616681902	0.5035749622965798	-0.060209759989665455	0.9999455679334293
ANXA1:chr1:1295000_chr1:1307786-1308731_distal_250kb	chr1:1307786-1308731	ANXA1:chr1:1295000	1.4929075886611107	0.5011409745848798	2.979017211469808	0.024925852220150254	0.17423311852499868	0.5029110977434729	0.34644914241656344	0.9999455679334293
USP25:chr1:1300000_chr1:1307786-1308731_distal_250kb	chr1:1307786-1308731	USP25:chr1:1300000	1.4929075886611107	0.5011409745848798	2.979017211469808	0.024925852220150254	0.06753353665204037	0.5034665863497377	0.13413707777843983	0.9999455679334293
ARHGAP25:chr1:1305000_chr1:1307786-1308731_distal_250kb	chr1:1307786-1308731	ARHGAP25:chr1:1305000	1.4929075886611107	0.5011409745848798	2.979017211469808	0.024925852220150254	1.747133916676403	0.5032013612296563	3.4720373418843513	0.5787152782889806
RAPGEF6:chr1:1310000_chr1:1307786-1308731_promoter	chr1:1307786-1308731	RAPGEF6:chr1:1310000	1.4929075886611107	0.5011409745848798	2.979017211469808	0.024925852220150254	0.0047122943941886875	0.5035177712792955	0.009358744940056608	0.9999455679334293
CUX1:chr1:1315000_chr1:1307786-1308731_distal_250kb	chr1:1307786-1308731	CUX1:chr1:1315000	1.4929075886611107	0.5011409745848798	2.979017211469808	0.024925852220150254	0.12996875895720483	0.5033109352731803	0.25822756838506233	0.9999455679334293
SMG1:chr1:1320000_chr1:1307786-1308731_distal_250kb	chr1:1307786-1308731	SMG1:chr1:1320000	1.4929075886611107	0.5011409745848798	2.979017211469808	0.024925852220150254	0.07460619284418318	0.5036627355206457	0.14812728356220628	0.9999455679334293
GNAI2:chr1:1325000_chr1:1307786-1308731_distal_250kb	chr1:1307786-1308731	GNAI2:chr1:1325000	1.4929075886611107	0.5011409745848798	2.979017211469808	0.024925852220150254	0.2075146932380788	0.5034489697062955	0.4121861513772483	0.9999455679334293
JARID2:chr1:1330000_chr1:1307786-1308731_distal_250kb	chr1:1307786-1308731	JARID2:chr1:1330000	1.4929075886611107	0.5011409745848798	2.979017211469808	0.024925852220150254	-0.0029431919807040297	0.5033106828193352	-0.00584766443703818	0.9999455679334293
DOCK11:chr1:1335000_chr1:1307786-1308731_distal_250kb	chr1:1307786-1308731	DOCK11:chr1:1335000	1.4929075886611107	0.5011409745848798	2.979017211469808	0.024925852220150254	0.01197899481512743	0.5035245816629643	0.02379028800453998	0.9999455679334293
AP3B1:chr1:1340000_chr1:1307786-1308731_distal_250kb	chr1:1307786-1308731	AP3B1:chr1:1340000	1.4929075886611107	0.5011409745848798	2.979017211469808	0.024925852220150254	0.04190233121275633	0.5035392584803279	0.08321561925323714	0.9999455679334293
TMA7:chr1:1345000_chr1:1307786-1308731_distal_250kb	chr1:1307786-1308731	TMA7:chr1:1345000	1.4929075886611107	0.5011409745848798	2.979017211469808	0.024925852220150254	-0.0449236400961765	0.5036155580362135	-0.08920224838039291	0.9999455679334293
WAC:chr1:1350000_chr1:1307786-1308731_distal_250kb	chr1:1307786-1308731	WAC:chr1:1350000	1.4929075886611107	0.5011409745848798	2.979017211469808	0.024925852220150254	0.06443565669346973	0.5035564824391285	0.12796113036090032	0.9999455679334293
AHNAK:chr1:1355000_chr1:1307786-1308731_distal_250kb	chr1:1307786-1308731	AHNAK:chr1:1355000	1.4929075886611107	0.5011409745848798	2.979017211469808	0.024925852220150254	0.03527408347715366	0.5032512923169203	0.0700923852867922	0.9999455679334293
PRKCA:chr1:1360000_chr1:1307786-1308731_distal_250kb	chr1:1307786-1308731	PRKCA:chr1:1360000	1.4929075886611107	0.5011409745848798	2.979017211469808	0.024925852220150254	-0.056380581932112595	0.5032109220274882	-0.11204164986115459	0.9999455679334293
PCNX1:chr1:1365000_chr1:1307786-1308731_distal_250kb	chr1:1307786-1308731	PCNX1:chr1:1365000	1.4929075886611107	0.5011409745848798	2.979017211469808	0.024925852220150254	-0.0006451229853090545	0.5035878426480562	-0.0012810535336134263	0.9999455679334293
CAMK2D:chr1:1370000_chr1:1307786-1308731_distal_250kb	chr1:1307786-1308731	CAMK2D:chr1:1370000	1.4929075886611107	0.5011409745848798	2.979017211469808	0.024925852220150254	0.14677611752059583	0.5032257746574167	0.2916705083727424	0.9999455679334293
CAMK2D:chr1:1370000_chr1:1615081-1615893_distal_250kb	chr1:1615081-1615893	CAMK2D:chr1:1370000	0.017608873446493756	0.5013045079937095	0.035126102330431695	0.9723883438463526	0.14677611752059583	0.5032257746574167	0.2916705083727424	0.9999455679334293
NLRC5:chr1:1375000_chr1:1307786-1308731_distal_250kb	chr1:1307786-1308731	NLRC5:chr1:1375000	1.4929075886611107	0.5011409745848798	2.979017211469808	0.024925852220150254	0.0648649181471716	0.5035658159098152	0.12881120222582468	0.9999455679334293
NLRC5:chr1:1375000_chr1:1615081-1615893_distal_250kb	chr1:1615081-1615893	NLRC5:chr1:1375000	0.017608873446493756	0.5013045079937095	0.035126102330431695	0.9723883438463526	0.0648649181471716	0.5035658159098152	0.12881120222582468	0.9999455679334293
CREBBP:chr1:1380000_chr1:1307786-1308731_distal_250kb	chr1:1307786-1308731	CREBBP:chr1:1380000	1.4929075886611107	0.5011409745848798	2.979017211469808	0.024925852220150254	-0.07030877249303397	0.5035513670752423	-0.139625819906727	0.9999455679334293
CREBBP:chr1:1380000_chr1:1615081-1615893_distal_250kb	chr1:1615081-1615893	CREBBP:chr1:1380000	0.017608873446493756	0.5013045079937095	0.035126102330431695	0.9723883438463526	-0.07030877249303397	0.5035513670752423	-0.139625819906727	0.9999455679334293
SIPA1L1:chr1:1385000_chr1:1307786-1308731_distal_250kb	chr1:1307786-1308731	SIPA1L1:chr1:1385000	1.4929075886611107	0.5011409745848798	2.979017211469808	0.024925852220150254	0.23331286901435	0.5031307604122086	0.4637221322409303	0.9999455679334293
SIPA1L1:chr1:1385000_chr1:1615081-1615893_distal_250kb	chr1:1615081-1615893	SIPA1L1:chr1:1385000	0.017608873446493756	0.5013045079937095	0.035126102330431695	0.9723883438463526	0.23331286901435	0.5031307604122086	0.4637221322409303	0.9999455679334293
WSB1:chr1:1390000_chr1:1307786-1308731_distal_250kb	chr1:1307786-1308731	WSB1:chr1:1390000	1.4929075886611107	0.5011409745848798	2.979017211469808	0.024925852220150254	-0.027067982848692662	0.5033516890997048	-0.05377548826170917	0.9999455679334293
WSB1:chr1:1390000_chr1:1615081-1615893_distal_250kb	chr1:1615081-1615893	WSB1:chr1:1390000	0.017608873446493756	0.5013045079937095	0.035126102330431695	0.9723883438463526	-0.027067982848692662	0.5033516890997048	-0.05377548826170917	0.9999455679334293
DYRK1A:chr1:1395000_chr1:1307786-1308731_distal_250kb	chr1:1307786-1308731	DYRK1A:chr1:1395000	1.4929075886611107	0.5011409745848798	2.979017211469808	0.024925852220150254	-0.04697069427742445	0.5036088966832735	-0.09326819797420093	0.9999455679334293
DYRK1A:chr1:1395000_chr1:1615081-1615893_distal_250kb	chr1:1615081-1615893	DYRK1A:chr1:1395000	0.017608873446493756	0.5013045079937095	0.035126102330431695	0.9723883438463526	-0.04697069427742445	0.5036088966832735	-0.09326819797420093	0.9999455679334293
PARP14:chr1:1400000_chr1:1307786-1308731_distal_250kb	chr1:1307786-1308731	PARP14:chr1:1400000	1.4929075886611107	0.5011409745848798	2.979017211469808	0.024925852220150254	0.09838893531421888	0.5031879269834095	0.19553119230037258	0.9999455679334293
PARP14:chr1:1400000_chr1:1615081-1615893_distal_250kb	chr1:1615081-1615893	PARP14:chr1:1400000	0.017608873446493756	0.5013045079937095	0.035126102330431695	0.9723883438463526	0.09838893531421888	0.5031879269834095	0.19553119230037258	0.9999455679334293
IFI16:chr1:1405000_chr1:1307786-1308731_distal_250kb	chr1:1307786-1308731	IFI16:chr1:1405000	1.4929075886611107	0.5011409745848798	2.979017211469808	0.024925852220150254	-0.004418452042009968	0.5035393574823139	-0.008774789847812759	0.9999455679334293
IFI16:chr1:1405000_chr1:1615081-1615893_distal_250kb	chr1:1615081-1615893	IFI16:chr1:1405000	0.017608873446493756	0.5013045079937095	0.035126102330431695	0.9723883438463526	-0.004418452042009968	0.5035393574823139	-0.008774789847812759	0.9999455679334293
GLS:chr1:1410000_chr1:1307786-1308731_distal_250kb	chr1:1307786-1308731	GLS:chr1:1410000	1.4929075886611107	0.5011409745848798	2.979017211469808	0.024925852220150254	-0.027398422093963037	0.5036053076438135	-0.054404553880002406	0.9999455679334293
GLS:chr1:1410000_chr1:1615081-1615893_distal_250kb	chr1:1615081-1615893	GLS:chr1:1410000	0.017608873446493756	0.5013045079937095	0.035126102330431695	0.9723883438463526	-0.027398422093963037	0.5036053076438135	-0.054404553880002406	0.9999455679334293
AGTPBP1:chr1:1415000_chr1:1307786-1308731_distal_250kb	chr1:1307786-1308731	AGTPBP1:chr1:1415000	1.4929075886611107	0.5011409745848798	2.979017211469808	0.024925852220150254	0.10072766938947342	0.503216884415252	0.20016750730953903	0.9999455679334293
AGTPBP1:chr1:1415000_chr1:1615081-1615893_distal_250kb	chr1:1615081-1615893	AGTPBP1:chr1:1415000	0.017608873446493756	0.5013045079937095	0.035126102330431695	0.9723883438463526	0.10072766938947342	0.503216884415252	0.20016750730953903	0.9999455679334293
SPIDR:chr1:1420000_chr1:1307786-1308731_distal_250kb	chr1:1307786-1308731	SPIDR:chr1:1420000	1.4929075886611107	0.5011409745848798	2.979017211469808	0.024925852220150254	0.002110526914329225	0.5031818215823238	0.004194362403022401	0.9999455679334293
SPIDR:chr1:1420000_chr1:1615081-1615893_distal_250kb	chr1:1615081-1615893	SPIDR:chr1:1420000	0.017608873446493756	0.5013045079937095	0.035126102330431695	0.9723883438463526	0.002110526914329225	0.5031818215823238	0.004194362403022401	0.9999455679334293
FNBP4:chr1:1425000_chr1:1307786-1308731_distal_250kb	chr1:1307786-1308731	FNBP4:chr1:1425000	1.4929075886611107	0.5011409745848798	2.979017211469808	0.024925852220150254	1.5699881451140412	0.5032045834504363	3.119979818841771	0.5787152782889806
FNBP4:chr1:1425000_chr1:1615081-1615893_distal_250kb	chr1:1615081-1615893	FNBP4:chr1:1425000	0.017608873446493756	0.5013045079937095	0.035126102330431695	0.9723883438463526	1.5699881451140412	0.5032045834504363	3.119979818841771	0.5787152782889806
SLC25A6:chr1:1430000_chr1:1307786-1308731_distal_250kb	chr1:1307786-1308731	SLC25A6:chr1:1430000	1.4929075886611107	0.5011409745848798	2.979017211469808	0.024925852220150254	-0.03933042069619469	0.5035342931772004	-0.07810872313785744	0.9999455679334293
SLC25A6:chr1:1430000_chr1:1615081-1615893_distal_250kb	chr1:1615081-1615893	SLC25A6:chr1:1430000	0.017608873446493756	0.5013045079937095	0.035126102330431695	0.9723883438463526	-0.03933042069619469	0.5035342931772004	-0.07810872313785744	0.9999455679334293
CAMK1D:chr1:1435000_chr1:1307786-1308731_distal_250kb	chr1:1307786-1308731	CAMK1D:chr1:1435000	1.4929075886611107	0.5011409745848798	2.979017211469808	0.024925852220150254	0.0034583173526533395	0.5032634612585812	0.0068717831093969	0.9999455679334293
CAMK1D:chr1:1435000_chr1:1615081-1615893_distal_250kb	chr1:1615081-1615893	CAMK1D:chr1:1435000	0.017608873446493756	0.5013045079937095	0.035126102330431695	0.9723883438463526	0.0034583173526533395	0.5032634612585812	0.0068717831093969	0.9999455679334293
CCDC91:chr1:1440000_chr1:1307786-1308731_distal_250kb	chr1:1307786-1308731	CCDC91:chr1:1440000	1.4929075886611107	0.5011409745848798	2.979017211469808	0.024925852220150254	-0.004580394131468046	0.5034690888391847	-0.009097667032605233	0.9999455679334293
CCDC91:chr1:1440000_chr1:1615081-1615893_distal_250kb	chr1:1615081-1615893	CCDC91:chr1:1440000	0.017608873446493756	0.5013045079937095	0.035126102330431695	0.9723883438463526	-0.004580394131468046	0.5034690888391847	-0.009097667032605233	0.9999455679334293
PRPF4B:chr1:1445000_chr1:1307786-1308731_distal_250kb	chr1:1307786-1308731	PRPF4B:chr1:1445000	1.4929075886611107	0.5011409745848798	2.979017211469808	0.024925852220150254	-0.12451343527549946	0.5036814715557392	-0.24720670166982778	0.9999455679334293
PRPF4B:chr1:1445000_chr1:1615081-1615893_distal_250kb	chr1:1615081-1615893	PRPF4B:chr1:1445000	0.017608873446493756	0.5013045079937095	0.035126102330431695	0.9723883438463526	-0.12451343527549946	0.5036814715557392	-0.24720670166982778	0.9999455679334293
EPB41:chr1:1450000_chr1:1307786-1308731_distal_250kb	chr1:1307786-1308731	EPB41:chr1:1450000	1.4929075886611107	0.5011409745848798	2.979017211469808	0.024925852220150254	0.010371538591019469	0.5033954255647056	0.02060316416142389	0.9999455679334293
EPB41:chr1:1450000_chr1:1615081-1615893_distal_250kb	chr1:1615081-1615893	EPB41:chr1:1450000	0.017608873446493756	0.5013045079937095	0.035126102330431695	0.9723883438463526	0.010371538591019469	0.5033954255647056	0.02060316416142389	0.9999455679334293
NDFIP1:chr1:1455000_chr1:1307786-1308731_distal_250kb	chr1:1307786-1308731	NDFIP1:chr1:1455000	1.4929075886611107	0.5011409745848798	2.979017211469808	0.024925852220150254	0.0016632541355711128	0.5033467534387844	0.0033043903118635948	0.9999455679334293
NDFIP1:chr1:1455000_chr1:1615081-1615893_distal_250kb	chr1:1615081-1615893	NDFIP1:chr1:1455000	0.017608873446493756	0.5013045079937095	0.035126102330431695	0.9723883438463526	0.0016632541355711128	0.5033467534387844	0.0033043903118635948	0.9999455679334293
SEPTIN7:chr1:1460000_chr1:1307786-1308731_distal_250kb	chr1:1307786-1308731	SEPTIN7:chr1:1460000	1.4929075886611107	0.5011409745848798	2.979017211469808	0.024925852220150254	0.05565203026952681	0.5036258495290731	0.11050272801041788	0.9999455679334293
SEPTIN7:chr1:1460000_chr1:1615081-1615893_distal_250kb	chr1:1615081-1615893	SEPTIN7:chr1:1460000	0.017608873446493756	0.5013045079937095	0.035126102330431695	0.9723883438463526	0.05565203026952681	0.5036258495290731	0.11050272801041788	0.9999455679334293
MTDH:chr1:1465000_chr1:1307786-1308731_distal_250kb	chr1:1307786-1308731	MTDH:chr1:1465000	1.4929075886611107	0.5011409745848798	2.979017211469808	0.024925852220150254	0.016734903443425764	0.503485447814764	0.03323810750848683	0.9999455679334293
MTDH:chr1:1465000_chr1:1615081-1615893_distal_250kb	chr1:1615081-1615893	MTDH:chr1:1465000	0.017608873446493756	0.5013045079937095	0.035126102330431695	0.9723883438463526	0.016734903443425764	0.503485447814764	0.03323810750848683	0.9999455679334293
GNAQ:chr1:1470000_chr1:1307786-1308731_distal_250kb	chr1:1307786-1308731	GNAQ:chr1:1470000	1.4929075886611107	0.5011409745848798	2.979017211469808	0.024925852220150254	0.12718261509780393	0.5031069654610105	0.2527943833599343	0.9999455679334293
GNAQ:chr1:1470000_chr1:1615081-1615893_distal_250kb	chr1:1615081-1615893	GNAQ:chr1:1470000	0.017608873446493756	0.5013045079937095	0.035126102330431695	0.9723883438463526	0.12718261509780393	0.5031069654610105	0.2527943833599343	0.9999455679334293
TLE4:chr1:1475000_chr1:1307786-1308731_distal_250kb	chr1:1307786-1308731	TLE4:chr1:1475000	1.4929075886611107	0.5011409745848798	2.979017211469808	0.024925852220150254	0.027596412444919005	0.5034127124173879	0.054818664217677435	0.9999455679334293
TLE4:chr1:1475000_chr1:1615081-1615893_distal_250kb	chr1:1615081-1615893	TLE4:chr1:1475000	0.017608873446493756	0.5013045079937095	0.035126102330431695	0.9723883438463526	0.027596412444919005	0.5034127124173879	0.054818664217677435	0.9999455679334293
CELF1:chr1:1480000_chr1:1307786-1308731_distal_250kb	chr1:1307786-1308731	CELF1:chr1:1480000	1.4929075886611107	0.5011409745848798	2.979017211469808	0.024925852220150254	0.11672149645289176	0.5034986807036359	0.23182085857657914	0.9999455679334293
CELF1:chr1:1480000_chr1:1615081-1615893_distal_250kb	chr1:1615081-1615893	CELF1:chr1:1480000	0.017608873446493756	0.5013045079937095	0.035126102330431695	0.9723883438463526	0.11672149645289176	0.5034986807036359	0.23182085857657914	0.9999455679334293
ZCCHC7:chr1:1485000_chr1:1307786-1308731_distal_250kb	chr1:1307786-1308731	ZCCHC7:chr1:1485000	1.4929075886611107	0.5011409745848798	2.979017211469808	0.024925852220150254	-0.055768906449015554	0.5033205292934678	-0.11080197052025816	0.9999455679334293
ZCCHC7:chr1:1485000_chr1:1615081-1615893_distal_250kb	chr1:1615081-1615893	ZCCHC7:chr1:1485000	0.017608873446493756	0.5013045079937095	0.035126102330431695	0.9723883438463526	-0.055768906449015554	0.5033205292934678	-0.11080197052025816	0.9999455679334293
PHIP:chr1:1490000_chr1:1307786-1308731_distal_250kb	chr1:1307786-1308731	PHIP:chr1:1490000	1.4929075886611107	0.5011409745848798	2.979017211469808	0.024925852220150254	0.012057299717932624	0.5034806337142071	0.023947891756998064	0.9999455679334293
PHIP:chr1:1490000_chr1:1615081-1615893_distal_250kb	chr1:1615081-1615893	PHIP:chr1:1490000	0.017608873446493756	0.5013045079937095	0.035126102330431695	0.9723883438463526	0.012057299717932624	0.5034806337142071	0.023947891756998064	0.9999455679334293
GIMAP7:chr1:1495000_chr1:1307786-1308731_distal_250kb	chr1:1307786-1308731	GIMAP7:chr1:1495000	1.4929075886611107	0.5011409745848798	2.979017211469808	0.024925852220150254	-0.02303689975932599	0.5034003364910533	-0.04576258315579297	0.9999455679334293
GIMAP7:chr1:1495000_chr1:1615081-1615893_distal_250kb	chr1:1615081-1615893	GIMAP7:chr1:1495000	0.017608873446493756	0.5013045079937095	0.035126102330431695	0.9723883438463526	-0.02303689975932599	0.5034003364910533	-0.04576258315579297	0.9999455679334293
HNRNPK:chr1:1500000_chr1:1307786-1308731_distal_250kb	chr1:1307786-1308731	HNRNPK:chr1:1500000	1.4929075886611107	0.5011409745848798	2.979017211469808	0.024925852220150254	-0.08225398334222483	0.5036444710226254	-0.16331755449476523	0.9999455679334293
HNRNPK:chr1:1500000_chr1:1615081-1615893_distal_250kb	chr1:1615081-1615893	HNRNPK:chr1:1500000	0.017608873446493756	0.5013045079937095	0.035126102330431695	0.9723883438463526	-0.08225398334222483	0.5036444710226254	-0.16331755449476523	0.9999455679334293
RBMS1:chr1:1505000_chr1:1307786-1308731_distal_250kb	chr1:1307786-1308731	RBMS1:chr1:1505000	1.4929075886611107	0.5011409745848798	2.979017211469808	0.024925852220150254	0.06954408180058252	0.5034844842795347	0.13812557084077218	0.9999455679334293
RBMS1:chr1:1505000_chr1:1615081-1615893_distal_250kb	chr1:1615081-1615893	RBMS1:chr1:1505000	0.017608873446493756	0.5013045079937095	0.035126102330431695	0.9723883438463526	0.06954408180058252	0.5034844842795347	0.13812557084077218	0.9999455679334293
MSN:chr1:1510000_chr1:1307786-1308731_distal_250kb	chr1:1307786-1308731	MSN:chr1:1510000	1.4929075886611107	0.5011409745848798	2.979017211469808	0.024925852220150254	-0.0029827294798464576	0.5034930482589591	-0.005924072815226567	0.9999455679334293
MSN:chr1:1510000_chr1:1615081-1615893_distal_250kb	chr1:1615081-1615893	MSN:chr1:1510000	0.017608873446493756	0.5013045079937095	0.035126102330431695	0.9723883438463526	-0.0029827294798464576	0.5034930482589591	-0.005924072815226567	0.9999455679334293
FRYL:chr1:1515000_chr1:1307786-1308731_distal_250kb	chr1:1307786-1308731	FRYL:chr1:1515000	1.4929075886611107	0.5011409745848798	2.979017211469808	0.024925852220150254	0.011087006710460257	0.5035345681278668	0.022018362615463652	0.9999455679334293
FRYL:chr1:1515000_chr1:1615081-1615893_distal_250kb	chr1:1615081-1615893	FRYL:chr1:1515000	0.017608873446493756	0.5013045079937095	0.035126102330431695	0.9723883438463526	0.011087006710460257	0.5035345681278668	0.022018362615463652	0.9999455679334293
RSRP1:chr1:1520000_chr1:1307786-1308731_distal_250kb	chr1:1307786-1308731	RSRP1:chr1:1520000	1.4929075886611107	0.5011409745848798	2.979017211469808	0.024925852220150254	0.037270435330975404	0.5036069393338216	0.07400699319250299	0.9999455679334293
RSRP1:chr1:1520000_chr1:1615081-1615893_distal_250kb	chr1:1615081-1615893	RSRP1:chr1:1520000	0.017608873446493756	0.5013045079937095	0.035126102330431695	0.9723883438463526	0.037270435330975404	0.5036069393338216	0.07400699319250299	0.9999455679334293
ATP11B:chr1:1525000_chr1:1307786-1308731_distal_250kb	chr1:1307786-1308731	ATP11B:chr1:1525000	1.4929075886611107	0.5011409745848798	2.979017211469808	0.024925852220150254	3.486210295877701e-05	0.5035653091520721	6.923054929554128e-05	0.9999455679334293
ATP11B:chr1:1525000_chr1:1615081-1615893_distal_250kb	chr1:1615081-1615893	ATP11B:chr1:1525000	0.017608873446493756	0.5013045079937095	0.035126102330431695	0.9723883438463526	3.486210295877701e-05	0.5035653091520721	6.923054929554128e-05	0.9999455679334293
PPP6R3:chr1:1530000_chr1:1307786-1308731_distal_250kb	chr1:1307786-1308731	PPP6R3:chr1:1530000	1.4929075886611107	0.5011409745848798	2.979017211469808	0.024925852220150254	0.03495420885972089	0.503548745522611	0.06941574012550357	0.9999455679334293
PPP6R3:chr1:1530000_chr1:1615081-1615893_distal_250kb	chr1:1615081-1615893	PPP6R3:chr1:1530000	0.017608873446493756	0.5013045079937095	0.035126102330431695	0.9723883438463526	0.03495420885972089	0.503548745522611	0.06941574012550357	0.9999455679334293
CCDC88C:chr1:1535000_chr1:1307786-1308731_distal_250kb	chr1:1307786-1308731	CCDC88C:chr1:1535000	1.4929075886611107	0.5011409745848798	2.979017211469808	0.024925852220150254	0.09431011180039767	0.5035708136629511	0.18728272020848513	0.9999455679334293
CCDC88C:chr1:1535000_chr1:1615081-1615893_distal_250kb	chr1:1615081-1615893	CCDC88C:chr1:1535000	0.017608873446493756	0.5013045079937095	0.035126102330431695	0.9723883438463526	0.09431011180039767	0.5035708136629511	0.18728272020848513	0.9999455679334293
UBE2D3:chr1:1540000_chr1:1307786-1308731_distal_250kb	chr1:1307786-1308731	UBE2D3:chr1:1540000	1.4929075886611107	0.5011409745848798	2.979017211469808	0.024925852220150254	0.006490664985754513	0.5035218537502144	0.012890532828738714	0.9999455679334293
UBE2D3:chr1:1540000_chr1:1615081-1615893_distal_250kb	chr1:1615081-1615893	UBE2D3:chr1:1540000	0.017608873446493756	0.5013045079937095	0.035126102330431695	0.9723883438463526	0.006490664985754513	0.5035218537502144	0.012890532828738714	0.9999455679334293
NLRP1:chr1:1545000_chr1:1307786-1308731_distal_250kb	chr1:1307786-1308731	NLRP1:chr1:1545000	1.4929075886611107	0.5011409745848798	2.979017211469808	0.024925852220150254	0.03234457101374466	0.5033728996265082	0.06425568606840701	0.9999455679334293
NLRP1:chr1:1545000_chr1:1615081-1615893_distal_250kb	chr1:1615081-1615893	NLRP1:chr1:1545000	0.017608873446493756	0.5013045079937095	0.035126102330431695	0.9723883438463526	0.03234457101374466	0.5033728996265082	0.06425568606840701	0.9999455679334293
FCHSD2:chr1:1550000_chr1:1307786-1308731_distal_250kb	chr1:1307786-1308731	FCHSD2:chr1:1550000	1.4929075886611107	0.5011409745848798	2.979017211469808	0.024925852220150254	-0.015131115875947176	0.5031367899109629	-0.030073562854795094	0.9999455679334293
FCHSD2:chr1:1550000_chr1:1615081-1615893_distal_250kb	chr1:1615081-1615893	FCHSD2:chr1:1550000	0.017608873446493756	0.5013045079937095	0.035126102330431695	0.9723883438463526	-0.015131115875947176	0.5031367899109629	-0.030073562854795094	0.9999455679334293
IL32:chr1:1555000_chr1:1307786-1308731_distal_250kb	chr1:1307786-1308731	IL32:chr1:1555000	1.4929075886611107	0.5011409745848798	2.979017211469808	0.024925852220150254	-0.21258782080286487	0.5030576267942235	-0.4225913881031849	0.9999455679334293
IL32:chr1:1555000_chr1:1615081-1615893_distal_250kb	chr1:1615081-1615893	IL32:chr1:1555000	0.017608873446493756	0.5013045079937095	0.035126102330431695	0.9723883438463526	-0.21258782080286487	0.5030576267942235	-0.4225913881031849	0.9999455679334293
NCOA3:chr1:1560000_chr1:1615081-1615893_distal_250kb	chr1:1615081-1615893	NCOA3:chr1:1560000	0.017608873446493756	0.5013045079937095	0.035126102330431695	0.9723883438463526	0.11910569438699314	0.5033812457751018	0.23661130681099432	0.9999455679334293
ESYT2:chr1:1565000_chr1:1615081-1615893_distal_250kb	chr1:1615081-1615893	ESYT2:chr1:1565000	0.017608873446493756	0.5013045079937095	0.035126102330431695	0.9723883438463526	-0.04762802491640411	0.5035112368393938	-0.09459178153673686	0.9999455679334293
PUM2:chr1:1570000_chr1:1615081-1615893_distal_250kb	chr1:1615081-1615893	PUM2:chr1:1570000	0.017608873446493756	0.5013045079937095	0.035126102330431695	0.9723883438463526	0.018620182338886238	0.5036280038617158	0.03697209487183102	0.9999455679334293
XRN1:chr1:1575000_chr1:1615081-1615893_distal_250kb	chr1:1615081-1615893	XRN1:chr1:1575000	0.017608873446493756	0.5013045079937095	0.035126102330431695	0.9723883438463526	1.5497517240963692	0.5030684943444621	3.0805978540075696	0.5787152782889806
SKAP1:chr1:1580000_chr1:1615081-1615893_distal_250kb	chr1:1615081-1615893	SKAP1:chr1:1580000	0.017608873446493756	0.5013045079937095	0.035126102330431695	0.9723883438463526	-0.08085493527829934	0.5030823750398812	-0.1607190776100826	0.9999455679334293
TTC17:chr1:1585000_chr1:1615081-1615893_distal_250kb	chr1:1615081-1615893	TTC17:chr1:1585000	0.017608873446493756	0.5013045079937095	0.035126102330431695	0.9723883438463526	0.06524308870474205	0.5034251202299991	0.1295983972252607	0.9999455679334293
ETV6:chr1:1590000_chr1:1615081-1615893_distal_250kb	chr1:1615081-1615893	ETV6:chr1:1590000	0.017608873446493756	0.5013045079937095	0.035126102330431695	0.9723883438463526	0.14148573755584537	0.5030940773767631	0.28123117309108736	0.9999455679334293
STAT3:chr1:1595000_chr1:1615081-1615893_distal_250kb	chr1:1615081-1615893	STAT3:chr1:1595000	0.017608873446493756	0.5013045079937095	0.035126102330431695	0.9723883438463526	-0.06038019481754592	0.503583515105028	-0.11990105515060984	0.9999455679334293
ADD3:chr1:1600000_chr1:1615081-1615893_distal_250kb	chr1:1615081-1615893	ADD3:chr1:1600000	0.017608873446493756	0.5013045079937095	0.035126102330431695	0.9723883438463526	-0.006267883045702527	0.5035629764485118	-0.01244706886496729	0.9999455679334293
FBXW7:chr1:1605000_chr1:1615081-1615893_distal_250kb	chr1:1615081-1615893	FBXW7:chr1:1605000	0.017608873446493756	0.5013045079937095	0.035126102330431695	0.9723883438463526	0.11243106087432375	0.5033059992716946	0.22338509979419344	0.9999455679334293
SORL1:chr1:1610000_chr1:1615081-1615893_distal_250kb	chr1:1615081-1615893	SORL1:chr1:1610000	0.017608873446493756	0.5013045079937095	0.035126102330431695	0.9723883438463526	-0.10262272192644262	0.5035185652616807	-0.20381119785148172	0.9999455679334293
DENND4A:chr1:1615000_chr1:1615081-1615893_promoter	chr1:1615081-1615893	DENND4A:chr1:1615000	0.017608873446493756	0.5013045079937095	0.035126102330431695	0.9723883438463526	-0.035781274047914924	0.503459610110863	-0.07107079362341658	0.9999455679334293
KDM4C:chr1:1620000_chr1:1615081-1615893_distal_250kb	chr1:1615081-1615893	KDM4C:chr1:1620000	0.017608873446493756	0.5013045079937095	0.035126102330431695	0.9723883438463526	-0.017801968053018313	0.5035623502237779	-0.035352063245211444	0.9999455679334293
FAF1:chr1:1625000_chr1:1615081-1615893_distal_250kb	chr1:1615081-1615893	FAF1:chr1:1625000	0.017608873446493756	0.5013045079937095	0.035126102330431695	0.9723883438463526	-0.0020727268286641065	0.5034406480660062	-0.004117122518069599	0.9999455679334293
PPP3CA:chr1:1630000_chr1:1615081-1615893_distal_250kb	chr1:1615081-1615893	PPP3CA:chr1:1630000	0.017608873446493756	0.5013045079937095	0.035126102330431695	0.9723883438463526	0.05077178242645597	0.5032963294713371	0.10087850725990133	0.9999455679334293
LCP2:chr1:1635000_chr1:1615081-1615893_distal_250kb	chr1:1615081-1615893	LCP2:chr1:1635000	0.017608873446493756	0.5013045079937095	0.035126102330431695	0.9723883438463526	0.10190972570308376	0.5034627166616927	0.20241762166385624	0.9999455679334293
XRCC5:chr1:1640000_chr1:1615081-1615893_distal_250kb	chr1:1615081-1615893	XRCC5:chr1:1640000	0.017608873446493756	0.5013045079937095	0.035126102330431695	0.9723883438463526	-0.05747713477374583	0.5036260602220102	-0.11412660962859739	0.9999455679334293
RICTOR:chr1:1645000_chr1:1615081-1615893_distal_250kb	chr1:1615081-1615893	RICTOR:chr1:1645000	0.017608873446493756	0.5013045079937095	0.035126102330431695	0.9723883438463526	0.0868152490763825	0.5035455604654165	0.17240793265288842	0.9999455679334293
CYTIP:chr1:1650000_chr1:1615081-1615893_distal_250kb	chr1:1615081-1615893	CYTIP:chr1:1650000	0.017608873446493756	0.5013045079937095	0.035126102330431695	0.9723883438463526	0.16849469355913543	0.5035672983788341	0.33460213580504733	0.9999455679334293
ARL15:chr1:1655000_chr1:1615081-1615893_distal_250kb	chr1:1615081-1615893	ARL15:chr1:1655000	0.017608873446493756	0.5013045079937095	0.035126102330431695	0.9723883438463526	0.1350988177414414	0.5032800816520352	0.26843664724019	0.9999455679334293
ATP2B1:chr1:1660000_chr1:1615081-1615893_distal_250kb	chr1:1615081-1615893	ATP2B1:chr1:1660000	0.017608873446493756	0.5013045079937095	0.035126102330431695	0.9723883438463526	0.04138854169198336	0.5031478651145863	0.08225920164156432	0.9999455679334293
CDKAL1:chr1:1665000_chr1:1615081-1615893_distal_250kb	chr1:1615081-1615893	CDKAL1:chr1:1665000	0.017608873446493756	0.5013045079937095	0.035126102330431695	0.9723883438463526	0.04216056979434091	0.5034317129250667	0.08374635270666053	0.9999455679334293
VTI1A:chr1:1670000_chr1:1615081-1615893_distal_250kb	chr1:1615081-1615893	VTI1A:chr1:1670000	0.017608873446493756	0.5013045079937095	0.035126102330431695	0.9723883438463526	0.12475568600173315	0.5033619257927999	0.24784489968175827	0.9999455679334293
ANKRD17:chr1:1675000_chr1:1615081-1615893_distal_250kb	chr1:1615081-1615893	ANKRD17:chr1:1675000	0.017608873446493756	0.5013045079937095	0.035126102330431695	0.9723883438463526	0.02441658687654713	0.5034169031981018	0.048501722372518055	0.9999455679334293
MBD5:chr1:1680000_chr1:1615081-1615893_distal_250kb	chr1:1615081-1615893	MBD5:chr1:1680000	0.017608873446493756	0.5013045079937095	0.035126102330431695	0.9723883438463526	-0.06360702897665677	0.5033378853635563	-0.12637043788331967	0.9999455679334293
SRPK2:chr1:1685000_chr1:1615081-1615893_distal_250kb	chr1:1615081-1615893	SRPK2:chr1:1685000	0.017608873446493756	0.5013045079937095	0.035126102330431695	0.9723883438463526	0.04394246590610418	0.5033912147803088	0.08729287404286873	0.9999455679334293
ARHGEF3:chr1:1690000_chr1:1615081-1615893_distal_250kb	chr1:1615081-1615893	ARHGEF3:chr1:1690000	0.017608873446493756	0.5013045079937095	0.035126102330431695	0.9723883438463526	-0.041219861178351413	0.5033831425113	-0.08188566063756517	0.9999455679334293
TOP1:chr1:1695000_chr1:1615081-1615893_distal_250kb	chr1:1615081-1615893	TOP1:chr1:1695000	0.017608873446493756	0.5013045079937095	0.035126102330431695	0.9723883438463526	0.09407010338141186	0.5034617529855961	0.18684657339621819	0.9999455679334293
CAST:chr1:1700000_chr1:1615081-1615893_distal_250kb	chr1:1615081-1615893	CAST:chr1:1700000	0.017608873446493756	0.5013045079937095	0.035126102330431695	0.9723883438463526	-0.005277965599910228	0.5034178046097446	-0.010484264862268368	0.9999455679334293
PRKCH:chr1:1705000_chr1:1615081-1615893_distal_250kb	chr1:1615081-1615893	PRKCH:chr1:1705000	0.017608873446493756	0.5013045079937095	0.035126102330431695	0.9723883438463526	0.00845119346043155	0.5030889100676991	0.016798608141241476	0.9999455679334293
HSPA8:chr1:1710000_chr1:1615081-1615893_distal_250kb	chr1:1615081-1615893	HSPA8:chr1:1710000	0.017608873446493756	0.5013045079937095	0.035126102330431695	0.9723883438463526	-0.2235295709452672	0.5034315704830082	-0.4440118261371766	0.9999455679334293
SF3B1:chr1:1715000_chr1:1615081-1615893_distal_250kb	chr1:1615081-1615893	SF3B1:chr1:1715000	0.017608873446493756	0.5013045079937095	0.035126102330431695	0.9723883438463526	-0.024314629770538443	0.5036399735433972	-0.048277799713694336	0.9999455679334293
GRB2:chr1:1720000_chr1:1615081-1615893_distal_250kb	chr1:1615081-1615893	GRB2:chr1:1720000	0.017608873446493756	0.5013045079937095	0.035126102330431695	0.9723883438463526	0.08399217786629509	0.5033577612571148	0.16686377827278984	0.9999455679334293
BBX:chr1:1725000_chr1:1615081-1615893_distal_250kb	chr1:1615081-1615893	BBX:chr1:1725000	0.017608873446493756	0.5013045079937095	0.035126102330431695	0.9723883438463526	1.4159875173052585	0.503171227238052	2.814126564982123	0.5787152782889806
SRSF7:chr1:1730000_chr1:1615081-1615893_distal_250kb	chr1:1615081-1615893	SRSF7:chr1:1730000	0.017608873446493756	0.5013045079937095	0.035126102330431695	0.9723883438463526	-0.01866643845570415	0.5035091043236516	-0.03707269301669968	0.9999455679334293
EPC1:chr1:1735000_chr1:1615081-1615893_distal_250kb	chr1:1615081-1615893	EPC1:chr1:1735000	0.017608873446493756	0.5013045079937095	0.035126102330431695	0.9723883438463526	0.038837489269080594	0.5035114369942202	0.07713328122381143	0.9999455679334293
RNF149:chr1:1740000_chr1:1615081-1615893_distal_250kb	chr1:1615081-1615893	RNF149:chr1:1740000	0.017608873446493756	0.5013045079937095	0.035126102330431695	0.9723883438463526	0.07506353137164379	0.5032899881204008	0.14914568766205324	0.9999455679334293
SEMA4D:chr1:1745000_chr1:1615081-1615893_distal_250kb	chr1:1615081-1615893	SEMA4D:chr1:1745000	0.017608873446493756	0.5013045079937095	0.035126102330431695	0.9723883438463526	0.0053289330082754716	0.5034735567518511	0.010584335436909476	0.9999455679334293
LINC01578:chr1:1750000_chr1:1615081-1615893_distal_250kb	chr1:1615081-1615893	LINC01578:chr1:1750000	0.017608873446493756	0.5013045079937095	0.035126102330431695	0.9723883438463526	-0.08092915892422603	0.5035064848519814	-0.16073111540562826	0.9999455679334293
YWHAB:chr1:1755000_chr1:1615081-1615893_distal_250kb	chr1:1615081-1615893	YWHAB:chr1:1755000	0.017608873446493756	0.5013045079937095	0.035126102330431695	0.9723883438463526	-0.02712383882819458	0.5033924519233158	-0.0538820928374319	0.9999455679334293
GMFG:chr1:1760000_chr1:1615081-1615893_distal_250kb	chr1:1615081-1615893	GMFG:chr1:1760000	0.017608873446493756	0.5013045079937095	0.035126102330431695	0.9723883438463526	-0.08309048725653001	0.5035396795260872	-0.16501278972638597	0.9999455679334293
NCOA1:chr1:1765000_chr1:1615081-1615893_distal_250kb	chr1:1615081-1615893	NCOA1:chr1:1765000	0.017608873446493756	0.5013045079937095	0.035126102330431695	0.9723883438463526	0.038529497687695424	0.5033712023089585	0.07654291209143674	0.9999455679334293
INPP5D:chr1:1770000_chr1:1615081-1615893_distal_250kb	chr1:1615081-1615893	INPP5D:chr1:1770000	0.017608873446493756	0.5013045079937095	0.035126102330431695	0.9723883438463526	-0.009788379513089418	0.5034429079214182	-0.019442878942327407	0.9999455679334293
TRA2A:chr1:1775000_chr1:1615081-1615893_distal_250kb	chr1:1615081-1615893	TRA2A:chr1:1775000	0.017608873446493756	0.5013045079937095	0.035126102330431695	0.9723883438463526	0.10908020483868641	0.5035095293684009	0.21663980218113432	0.9999455679334293
ITGB2:chr1:1780000_chr1:1615081-1615893_distal_250kb	chr1:1615081-1615893	ITGB2:chr1:1780000	0.017608873446493756	0.5013045079937095	0.035126102330431695	0.9723883438463526	0.06604399148639795	0.5033623923545344	0.13120565320239702	0.9999455679334293
COG5:chr1:1785000_chr1:1615081-1615893_distal_250kb	chr1:1615081-1615893	COG5:chr1:1785000	0.017608873446493756	0.5013045079937095	0.035126102330431695	0.9723883438463526	0.05808952654735433	0.5034523087620844	0.11538238187880792	0.9999455679334293
ARHGAP26:chr1:1790000_chr1:1615081-1615893_distal_250kb	chr1:1615081-1615893	ARHGAP26:chr1:1790000	0.017608873446493756	0.5013045079937095	0.035126102330431695	0.9723883438463526	0.1592169684937088	0.5029311162859481	0.316578082639818	0.9999455679334293
ERBIN:chr1:1795000_chr1:1615081-1615893_distal_250kb	chr1:1615081-1615893	ERBIN:chr1:1795000	0.017608873446493756	0.5013045079937095	0.035126102330431695	0.9723883438463526	-0.041941813919469106	0.5034782128573893	-0.08330412885482529	0.9999455679334293
FLI1:chr1:1800000_chr1:1615081-1615893_distal_250kb	chr1:1615081-1615893	FLI1:chr1:1800000	0.017608873446493756	0.5013045079937095	0.035126102330431695	0.9723883438463526	0.061167035042386186	0.5033750149041246	0.12151384798873335	0.9999455679334293
ARGLU1:chr1:1805000_chr1:1615081-1615893_distal_250kb	chr1:1615081-1615893	ARGLU1:chr1:1805000	0.017608873446493756	0.5013045079937095	0.035126102330431695	0.9723883438463526	0.008947637302382017	0.5035672159928156	0.017768506404336044	0.9999455679334293
HSP90AB1:chr1:1810000_chr1:1615081-1615893_distal_250kb	chr1:1615081-1615893	HSP90AB1:chr1:1810000	0.017608873446493756	0.5013045079937095	0.035126102330431695	0.9723883438463526	-0.1991925968657119	0.5034042323561708	-0.3956911445368585	0.9999455679334293
RCSD1:chr1:1815000_chr1:1615081-1615893_distal_250kb	chr1:1615081-1615893	RCSD1:chr1:1815000	0.017608873446493756	0.5013045079937095	0.035126102330431695	0.9723883438463526	-0.0017543276154469156	0.5034407922698383	-0.003484675144295055	0.9999455679334293
RPL36AL:chr1:1820000_chr1:1615081-1615893_distal_250kb	chr1:1615081-1615893	RPL36AL:chr1:1820000	0.017608873446493756	0.5013045079937095	0.035126102330431695	0.9723883438463526	-0.0315593192864293	0.5035235912759799	-0.06267694271574203	0.9999455679334293
ANKHD1:chr1:1825000_chr1:1615081-1615893_distal_250kb	chr1:1615081-1615893	ANKHD1:chr1:1825000	0.017608873446493756	0.5013045079937095	0.035126102330431695	0.9723883438463526	-0.18002776503310403	0.5035569974039255	-0.3575121902013721	0.9999455679334293
SAT1:chr1:1830000_chr1:1615081-1615893_distal_250kb	chr1:1615081-1615893	SAT1:chr1:1830000	0.017608873446493756	0.5013045079937095	0.035126102330431695	0.9723883438463526	0.06006033035028846	0.5027888191296526	0.1194543873395102	0.9999455679334293
LTB:chr1:1835000_chr1:1615081-1615893_distal_250kb	chr1:1615081-1615893	LTB:chr1:1835000	0.017608873446493756	0.5013045079937095	0.035126102330431695	0.9723883438463526	-0.19855960563420105	0.5030383938442116	-0.3947205781189218	0.9999455679334293
NR3C1:chr1:1840000_chr1:1615081-1615893_distal_250kb	chr1:1615081-1615893	NR3C1:chr1:1840000	0.017608873446493756	0.5013045079937095	0.035126102330431695	0.9723883438463526	-0.03366476803317975	0.5033745850323806	-0.06687816396414649	0.9999455679334293
AC079793.1:chr1:1845000_chr1:1615081-1615893_distal_250kb	chr1:1615081-1615893	AC079793.1:chr1:1845000	0.017608873446493756	0.5013045079937095	0.035126102330431695	0.9723883438463526	-0.11038216947080126	0.5032827528654824	-0.21932436357560667	0.9999455679334293
HNRNPU:chr1:1850000_chr1:1615081-1615893_distal_250kb	chr1:1615081-1615893	HNRNPU:chr1:1850000	0.017608873446493756	0.5013045079937095	0.035126102330431695	0.9723883438463526	-0.010682407860973075	0.5033540683628116	-0.021222452608197304	0.9999455679334293
PDE7A:chr1:1855000_chr1:1615081-1615893_distal_250kb	chr1:1615081-1615893	PDE7A:chr1:1855000	0.017608873446493756	0.5013045079937095	0.035126102330431695	0.9723883438463526	-0.04620622714027778	0.50329009408166	-0.09180833814062851	0.9999455679334293
LRBA:chr1:1860000_chr1:1615081-1615893_distal_250kb	chr1:1615081-1615893	LRBA:chr1:1860000	0.017608873446493756	0.5013045079937095	0.035126102330431695	0.9723883438463526	-0.019782351397098163	0.5033445189009604	-0.03930181149144608	0.9999455679334293
PIK3R5:chr1:1865000_chr1:1615081-1615893_distal_250kb	chr1:1615081-1615893	PIK3R5:chr1:1865000	0.017608873446493756	0.5013045079937095	0.035126102330431695	0.9723883438463526	0.015976532013843636	0.5033951093818447	0.031737559058653504	0.9999455679334293
ACTR2:chr1:1980000_chr1:2227386-2228299_distal_250kb	chr1:2227386-2228299	ACTR2:chr1:1980000	-0.034579983285772053	0.5012475917406646	-0.06898782927951311	0.9723883438463526	-0.07754724838440219	0.5032984522391964	-0.15407805853443649	0.9999455679334293
FAM172A:chr1:1985000_chr1:2227386-2228299_distal_250kb	chr1:2227386-2228299	FAM172A:chr1:1985000	-0.034579983285772053	0.5012475917406646	-0.06898782927951311	0.9723883438463526	0.0663147958301149	0.5033494200160837	0.13174703931911935	0.9999455679334293
BPTF:chr1:1990000_chr1:2227386-2228299_distal_250kb	chr1:2227386-2228299	BPTF:chr1:1990000	-0.034579983285772053	0.5012475917406646	-0.06898782927951311	0.9723883438463526	0.011511883667963185	0.5033856011500836	0.02286891727070067	0.9999455679334293
ATRX:chr1:1995000_chr1:2227386-2228299_distal_250kb	chr1:2227386-2228299	ATRX:chr1:1995000	-0.034579983285772053	0.5012475917406646	-0.06898782927951311	0.9723883438463526	-0.03626283318437473	0.5034048376470511	-0.07203513052013905	0.9999455679334293
ROCK1:chr1:2000000_chr1:2227386-2228299_distal_250kb	chr1:2227386-2228299	ROCK1:chr1:2000000	-0.034579983285772053	0.5012475917406646	-0.06898782927951311	0.9723883438463526	0.06835921010735835	0.5034027302371258	0.13579427762570542	0.9999455679334293
ARPC2:chr1:2005000_chr1:2227386-2228299_distal_250kb	chr1:2227386-2228299	ARPC2:chr1:2005000	-0.034579983285772053	0.5012475917406646	-0.06898782927951311	0.9723883438463526	-0.03366554175876013	0.5033666887777408	-0.06688075017539548	0.9999455679334293
SP110:chr1:2010000_chr1:2227386-2228299_distal_250kb	chr1:2227386-2228299	SP110:chr1:2010000	-0.034579983285772053	0.5012475917406646	-0.06898782927951311	0.9723883438463526	-0.011293040698170498	0.5032974485069008	-0.02243810440858147	0.9999455679334293
GLG1:chr1:2015000_chr1:2227386-2228299_distal_250kb	chr1:2227386-2228299	GLG1:chr1:2015000	-0.034579983285772053	0.5012475917406646	-0.06898782927951311	0.9723883438463526	0.016311278818828767	0.5034072274998002	0.03240175732048909	0.9999455679334293
SF1:chr1:2020000_chr1:2227386-2228299_distal_250kb	chr1:2227386-2228299	SF1:chr1:2020000	-0.034579983285772053	0.5012475917406646	-0.06898782927951311	0.9723883438463526	0.04345036933582569	0.5035119810858177	0.08629460860519242	0.9999455679334293
PPP2R5C:chr1:2025000_chr1:2227386-2228299_distal_250kb	chr1:2227386-2228299	PPP2R5C:chr1:2025000	-0.034579983285772053	0.5012475917406646	-0.06898782927951311	0.9723883438463526	-0.13291345106981056	0.503401157432159	-0.2640308809534724	0.9999455679334293
TCF12:chr1:2030000_chr1:2227386-2228299_distal_250kb	chr1:2227386-2228299	TCF12:chr1:2030000	-0.034579983285772053	0.5012475917406646	-0.06898782927951311	0.9723883438463526	-0.034558989302865495	0.5032718867683343	-0.06866862666376923	0.9999455679334293
OSBPL8:chr1:2035000_chr1:2227386-2228299_distal_250kb	chr1:2227386-2228299	OSBPL8:chr1:2035000	-0.034579983285772053	0.5012475917406646	-0.06898782927951311	0.9723883438463526	0.1131160758593619	0.5032535718472584	0.22476954399777924	0.9999455679334293
NCOA2:chr1:2040000_chr1:2227386-2228299_distal_250kb	chr1:2227386-2228299	NCOA2:chr1:2040000	-0.034579983285772053	0.5012475917406646	-0.06898782927951311	0.9723883438463526	-0.029783477327494423	0.5032267793562708	-0.05918500077756898	0.9999455679334293
NKTR:chr1:2045000_chr1:2227386-2228299_distal_250kb	chr1:2227386-2228299	NKTR:chr1:2045000	-0.034579983285772053	0.5012475917406646	-0.06898782927951311	0.9723883438463526	0.01748512219513032	0.503454803250608	0.034730271877904076	0.9999455679334293
WIPF1:chr1:2050000_chr1:2227386-2228299_distal_250kb	chr1:2227386-2228299	WIPF1:chr1:2050000	-0.034579983285772053	0.5012475917406646	-0.06898782927951311	0.9723883438463526	0.12500365732820018	0.5033474038752935	0.2483446946697084	0.9999455679334293
STAG1:chr1:2055000_chr1:2227386-2228299_distal_250kb	chr1:2227386-2228299	STAG1:chr1:2055000	-0.034579983285772053	0.5012475917406646	-0.06898782927951311	0.9723883438463526	-0.08469945109647614	0.5033294622422585	-0.16827834937210429	0.9999455679334293
MAP4K4:chr1:2060000_chr1:2227386-2228299_distal_250kb	chr1:2227386-2228299	MAP4K4:chr1:2060000	-0.034579983285772053	0.5012475917406646	-0.06898782927951311	0.9723883438463526	-0.06471946211409263	0.5033266502405741	-0.12858342009738366	0.9999455679334293
CALM2:chr1:2065000_chr1:2227386-2228299_distal_250kb	chr1:2227386-2228299	CALM2:chr1:2065000	-0.034579983285772053	0.5012475917406646	-0.06898782927951311	0.9723883438463526	-0.03135933915475486	0.5033740742878524	-0.06229828025831571	0.9999455679334293
PPP1R12A:chr1:2070000_chr1:2227386-2228299_distal_250kb	chr1:2227386-2228299	PPP1R12A:chr1:2070000	-0.034579983285772053	0.5012475917406646	-0.06898782927951311	0.9723883438463526	-0.05499573587805506	0.503393789849451	-0.10924992915487203	0.9999455679334293
LUC7L3:chr1:2075000_chr1:2227386-2228299_distal_250kb	chr1:2227386-2228299	LUC7L3:chr1:2075000	-0.034579983285772053	0.5012475917406646	-0.06898782927951311	0.9723883438463526	-0.03550402833258581	0.5034217476162854	-0.0705254163148459	0.9999455679334293
AOAH:chr1:2080000_chr1:2227386-2228299_distal_250kb	chr1:2227386-2228299	AOAH:chr1:2080000	-0.034579983285772053	0.5012475917406646	-0.06898782927951311	0.9723883438463526	0.01048866052936237	0.5028177382893688	0.020859766334110918	0.9999455679334293
COX7C:chr1:2085000_chr1:2227386-2228299_distal_250kb	chr1:2227386-2228299	COX7C:chr1:2085000	-0.034579983285772053	0.5012475917406646	-0.06898782927951311	0.9723883438463526	-0.09698409177408529	0.5034148217698334	-0.19265243608267743	0.9999455679334293
NAP1L1:chr1:2090000_chr1:2227386-2228299_distal_250kb	chr1:2227386-2228299	NAP1L1:chr1:2090000	-0.034579983285772053	0.5012475917406646	-0.06898782927951311	0.9723883438463526	-0.05283294950310535	0.503289267955255	-0.10497531512593763	0.9999455679334293
UBAC2:chr1:2095000_chr1:2227386-2228299_distal_250kb	chr1:2227386-2228299	UBAC2:chr1:2095000	-0.034579983285772053	0.5012475917406646	-0.06898782927951311	0.9723883438463526	0.0863403325620774	0.503376436506027	0.17152239616413517	0.9999455679334293
CHD2:chr1:2100000_chr1:2227386-2228299_distal_250kb	chr1:2227386-2228299	CHD2:chr1:2100000	-0.034579983285772053	0.5012475917406646	-0.06898782927951311	0.9723883438463526	0.038473548504072586	0.5033862056066049	0.07642948510619216	0.9999455679334293
EIF4A1:chr1:2105000_chr1:2227386-2228299_distal_250kb	chr1:2227386-2228299	EIF4A1:chr1:2105000	-0.034579983285772053	0.5012475917406646	-0.06898782927951311	0.9723883438463526	-0.03640498772268985	0.5033632509766521	-0.07232349133961401	0.9999455679334293
EXOC4:chr1:2110000_chr1:2227386-2228299_distal_250kb	chr1:2227386-2228299	EXOC4:chr1:2110000	-0.034579983285772053	0.5012475917406646	-0.06898782927951311	0.9723883438463526	0.007246730525216294	0.503277981521206	0.0143990613364653	0.9999455679334293
LPP:chr1:2115000_chr1:2227386-2228299_distal_250kb	chr1:2227386-2228299	LPP:chr1:2115000	-0.034579983285772053	0.5012475917406646	-0.06898782927951311	0.9723883438463526	-0.02988688287616903	0.5031404476461417	-0.059400676324055844	0.9999455679334293
DUSP1:chr1:2120000_chr1:2227386-2228299_distal_250kb	chr1:2227386-2228299	DUSP1:chr1:2120000	-0.034579983285772053	0.5012475917406646	-0.06898782927951311	0.9723883438463526	0.09040437047007888	0.5030869577618083	0.17969929268745174	0.9999455679334293
LYZ:chr1:2125000_chr1:2227386-2228299_distal_250kb	chr1:2227386-2228299	LYZ:chr1:2125000	-0.034579983285772053	0.5012475917406646	-0.06898782927951311	0.9723883438463526	0.17488646674676211	0.5028176816873249	0.3478128815197763	0.9999455679334293
TOMM7:chr1:2130000_chr1:2227386-2228299_distal_250kb	chr1:2227386-2228299	TOMM7:chr1:2130000	-0.034579983285772053	0.5012475917406646	-0.06898782927951311	0.9723883438463526	-0.11325736702157119	0.503342105207203	-0.22501071507806464	0.9999455679334293
OAZ1:chr1:2135000_chr1:2227386-2228299_distal_250kb	chr1:2227386-2228299	OAZ1:chr1:2135000	-0.034579983285772053	0.5012475917406646	-0.06898782927951311	0.9723883438463526	-0.04755085443682305	0.5033239085132025	-0.09447366523336088	0.9999455679334293
PIAS1:chr1:2140000_chr1:2227386-2228299_distal_250kb	chr1:2227386-2228299	PIAS1:chr1:2140000	-0.034579983285772053	0.5012475917406646	-0.06898782927951311	0.9723883438463526	0.08749651531129321	0.5033135850562944	0.17384095702782776	0.9999455679334293
RERE:chr1:2145000_chr1:2227386-2228299_distal_250kb	chr1:2227386-2228299	RERE:chr1:2145000	-0.034579983285772053	0.5012475917406646	-0.06898782927951311	0.9723883438463526	0.15003012994245035	0.5032700355317935	0.2981105954061363	0.9999455679334293
CD53:chr1:2150000_chr1:2227386-2228299_distal_250kb	chr1:2227386-2228299	CD53:chr1:2150000	-0.034579983285772053	0.5012475917406646	-0.06898782927951311	0.9723883438463526	-0.07669006410045853	0.5034423482469281	-0.15233137293178928	0.9999455679334293
HNRNPA1:chr1:2155000_chr1:2227386-2228299_distal_250kb	chr1:2227386-2228299	HNRNPA1:chr1:2155000	-0.034579983285772053	0.5012475917406646	-0.06898782927951311	0.9723883438463526	-0.01740588869328985	0.5032667354066291	-0.034585811993368194	0.9999455679334293
PACS1:chr1:2160000_chr1:2227386-2228299_distal_250kb	chr1:2227386-2228299	PACS1:chr1:2160000	-0.034579983285772053	0.5012475917406646	-0.06898782927951311	0.9723883438463526	0.05504202550376003	0.5031912558076312	0.10938589426681623	0.9999455679334293
NCOR1:chr1:2165000_chr1:2227386-2228299_distal_250kb	chr1:2227386-2228299	NCOR1:chr1:2165000	-0.034579983285772053	0.5012475917406646	-0.06898782927951311	0.9723883438463526	-0.012452044721680267	0.5033549386165437	-0.0247380998305179	0.9999455679334293
FUS:chr1:2170000_chr1:2227386-2228299_distal_250kb	chr1:2227386-2228299	FUS:chr1:2170000	-0.034579983285772053	0.5012475917406646	-0.06898782927951311	0.9723883438463526	-0.013237911935962021	0.5034145140797754	-0.026296246067041736	0.9999455679334293
ACAP2:chr1:2175000_chr1:2227386-2228299_distal_250kb	chr1:2227386-2228299	ACAP2:chr1:2175000	-0.034579983285772053	0.5012475917406646	-0.06898782927951311	0.9723883438463526	0.13387174287129733	0.5031874148636315	0.26604747836862697	0.9999455679334293
STAT1:chr1:2180000_chr1:2227386-2228299_distal_250kb	chr1:2227386-2228299	STAT1:chr1:2180000	-0.034579983285772053	0.5012475917406646	-0.06898782927951311	0.9723883438463526	0.08337348264185163	0.5031335291074118	0.16570846071372153	0.9999455679334293
CCNL1:chr1:2185000_chr1:2227386-2228299_distal_250kb	chr1:2227386-2228299	CCNL1:chr1:2185000	-0.034579983285772053	0.5012475917406646	-0.06898782927951311	0.9723883438463526	-0.045944706037602256	0.5032671958994593	-0.09129286870265413	0.9999455679334293
TGFBR2:chr1:2190000_chr1:2227386-2228299_distal_250kb	chr1:2227386-2228299	TGFBR2:chr1:2190000	-0.034579983285772053	0.5012475917406646	-0.06898782927951311	0.9723883438463526	0.06882924712762839	0.5032628824593864	0.13676599154554767	0.9999455679334293
ITGA4:chr1:2195000_chr1:2227386-2228299_distal_250kb	chr1:2227386-2228299	ITGA4:chr1:2195000	-0.034579983285772053	0.5012475917406646	-0.06898782927951311	0.9723883438463526	0.12603539591203095	0.50312026246917	0.2505074935632395	0.9999455679334293
COX4I1:chr1:2200000_chr1:2227386-2228299_distal_250kb	chr1:2227386-2228299	COX4I1:chr1:2200000	-0.034579983285772053	0.5012475917406646	-0.06898782927951311	0.9723883438463526	-0.046812487732122765	0.5033158126596041	-0.0930081800624499	0.9999455679334293
IQGAP2:chr1:2205000_chr1:2227386-2228299_distal_250kb	chr1:2227386-2228299	IQGAP2:chr1:2205000	-0.034579983285772053	0.5012475917406646	-0.06898782927951311	0.9723883438463526	0.03106501210291457	0.5031345791143553	0.06174294789596231	0.9999455679334293
SH3BGRL3:chr1:2210000_chr1:2227386-2228299_distal_250kb	chr1:2227386-2228299	SH3BGRL3:chr1:2210000	-0.034579983285772053	0.5012475917406646	-0.06898782927951311	0.9723883438463526	-0.027478154004846322	0.5031645593054521	-0.05461067059805652	0.9999455679334293
PICALM:chr1:2215000_chr1:2227386-2228299_distal_250kb	chr1:2227386-2228299	PICALM:chr1:2215000	-0.034579983285772053	0.5012475917406646	-0.06898782927951311	0.9723883438463526	0.04746879349431676	0.5030765343904987	0.0943570018661822	0.9999455679334293
COP1:chr1:2220000_chr1:2227386-2228299_distal_250kb	chr1:2227386-2228299	COP1:chr1:2220000	-0.034579983285772053	0.5012475917406646	-0.06898782927951311	0.9723883438463526	0.00012015946761800844	0.5031372106386265	0.00023882047496644377	0.9999455679334293
CHST11:chr1:2225000_chr1:2227386-2228299_distal_250kb	chr1:2227386-2228299	CHST11:chr1:2225000	-0.034579983285772053	0.5012475917406646	-0.06898782927951311	0.9723883438463526	0.1239450217551038	0.5030960160417649	0.24636454633505667	0.9999455679334293
PFDN5:chr1:2230000_chr1:2227386-2228299_distal_250kb	chr1:2227386-2228299	PFDN5:chr1:2230000	-0.034579983285772053	0.5012475917406646	-0.06898782927951311	0.9723883438463526	-0.04658693902605715	0.5033772982434211	-0.09254874859995936	0.9999455679334293
SRSF5:chr1:2235000_chr1:2227386-2228299_distal_250kb	chr1:2227386-2228299	SRSF5:chr1:2235000	-0.034579983285772053	0.5012475917406646	-0.06898782927951311	0.9723883438463526	-0.20892111697633403	0.5034276692612117	-0.4149972870639573	0.9999455679334293
AKAP9:chr1:2240000_chr1:2227386-2228299_distal_250kb	chr1:2227386-2228299	AKAP9:chr1:2240000	-0.034579983285772053	0.5012475917406646	-0.06898782927951311	0.9723883438463526	-0.037863519846624616	0.5033054057650714	-0.07522971025727115	0.9999455679334293
MYL12A:chr1:2245000_chr1:2227386-2228299_distal_250kb	chr1:2227386-2228299	MYL12A:chr1:2245000	-0.034579983285772053	0.5012475917406646	-0.06898782927951311	0.9723883438463526	-0.14372306026434645	0.5032390852831368	-0.2855959810504061	0.9999455679334293
PIP4K2A:chr1:2250000_chr1:2227386-2228299_distal_250kb	chr1:2227386-2228299	PIP4K2A:chr1:2250000	-0.034579983285772053	0.5012475917406646	-0.06898782927951311	0.9723883438463526	-0.09998282641446532	0.5032734660103123	-0.1986650065362608	0.9999455679334293
SCAF11:chr1:2255000_chr1:2227386-2228299_distal_250kb	chr1:2227386-2228299	SCAF11:chr1:2255000	-0.034579983285772053	0.5012475917406646	-0.06898782927951311	0.9723883438463526	0.01468357778690843	0.5033464005951448	0.02917191375471627	0.9999455679334293
TCF25:chr1:2260000_chr1:2227386-2228299_distal_250kb	chr1:2227386-2228299	TCF25:chr1:2260000	-0.034579983285772053	0.5012475917406646	-0.06898782927951311	0.9723883438463526	0.03681192498016128	0.5034556407922306	0.07311850736687459	0.9999455679334293
TBC1D5:chr1:2265000_chr1:2227386-2228299_distal_250kb	chr1:2227386-2228299	TBC1D5:chr1:2265000	-0.034579983285772053	0.5012475917406646	-0.06898782927951311	0.9723883438463526	1.4527225499038496	0.502942067591917	2.8884490749789036	0.5787152782889806
JUN:chr1:2270000_chr1:2227386-2228299_distal_250kb	chr1:2227386-2228299	JUN:chr1:2270000	-0.034579983285772053	0.5012475917406646	-0.06898782927951311	0.9723883438463526	-0.10402972163723101	0.5029955910216194	-0.20682034493769486	0.9999455679334293
LAPTM5:chr1:2275000_chr1:2227386-2228299_distal_250kb	chr1:2227386-2228299	LAPTM5:chr1:2275000	-0.034579983285772053	0.5012475917406646	-0.06898782927951311	0.9723883438463526	-0.009282967770186001	0.5033162533881977	-0.01844360818410971	0.9999455679334293
EML4:chr1:2280000_chr1:2227386-2228299_distal_250kb	chr1:2227386-2228299	EML4:chr1:2280000	-0.034579983285772053	0.5012475917406646	-0.06898782927951311	0.9723883438463526	-0.04492943771631941	0.5032311644201902	-0.08928190639402457	0.9999455679334293
KANSL1:chr1:2285000_chr1:2227386-2228299_distal_250kb	chr1:2227386-2228299	KANSL1:chr1:2285000	-0.034579983285772053	0.5012475917406646	-0.06898782927951311	0.9723883438463526	0.15357130526878116	0.5033495759965156	0.30509870792032656	0.9999455679334293
CTSS:chr1:2290000_chr1:2227386-2228299_distal_250kb	chr1:2227386-2228299	CTSS:chr1:2290000	-0.034579983285772053	0.5012475917406646	-0.06898782927951311	0.9723883438463526	0.14082710997524683	0.5029939382255644	0.27997774778767576	0.9999455679334293
VPS13C:chr1:2295000_chr1:2227386-2228299_distal_250kb	chr1:2227386-2228299	VPS13C:chr1:2295000	-0.034579983285772053	0.5012475917406646	-0.06898782927951311	0.9723883438463526	-0.03929701727118107	0.5032948261168322	-0.07807951767431615	0.9999455679334293
NOP53:chr1:2300000_chr1:2227386-2228299_distal_250kb	chr1:2227386-2228299	NOP53:chr1:2300000	-0.034579983285772053	0.5012475917406646	-0.06898782927951311	0.9723883438463526	-0.038494923951759685	0.5032618135101129	-0.07649085012683193	0.9999455679334293
TNFAIP8:chr1:2305000_chr1:2227386-2228299_distal_250kb	chr1:2227386-2228299	TNFAIP8:chr1:2305000	-0.034579983285772053	0.5012475917406646	-0.06898782927951311	0.9723883438463526	-0.09416426512018672	0.5032184899655059	-0.18712401670026352	0.9999455679334293
IRF1:chr1:2310000_chr1:2227386-2228299_distal_250kb	chr1:2227386-2228299	IRF1:chr1:2310000	-0.034579983285772053	0.5012475917406646	-0.06898782927951311	0.9723883438463526	0.13658768305620816	0.5031056147473226	0.2714890850995716	0.9999455679334293
EEF2:chr1:2315000_chr1:2227386-2228299_distal_250kb	chr1:2227386-2228299	EEF2:chr1:2315000	-0.034579983285772053	0.5012475917406646	-0.06898782927951311	0.9723883438463526	-0.1004501953153113	0.5033093078188605	-0.19957945095556034	0.9999455679334293
TBC1D22A:chr1:2320000_chr1:2227386-2228299_distal_250kb	chr1:2227386-2228299	TBC1D22A:chr1:2320000	-0.034579983285772053	0.5012475917406646	-0.06898782927951311	0.9723883438463526	-0.02703336690992153	0.5032033930926001	-0.053722544960953425	0.9999455679334293
MBP:chr1:2325000_chr1:2227386-2228299_distal_250kb	chr1:2227386-2228299	MBP:chr1:2325000	-0.034579983285772053	0.5012475917406646	-0.06898782927951311	0.9723883438463526	0.04948462102199669	0.5032259570164977	0.09833479440404619	0.9999455679334293
ARPC1B:chr1:2330000_chr1:2227386-2228299_distal_250kb	chr1:2227386-2228299	ARPC1B:chr1:2330000	-0.034579983285772053	0.5012475917406646	-0.06898782927951311	0.9723883438463526	-0.14266563092234164	0.5032724009446526	-0.2834759677950853	0.9999455679334293
ITM2B:chr1:2335000_chr1:2227386-2228299_distal_250kb	chr1:2227386-2228299	ITM2B:chr1:2335000	-0.034579983285772053	0.5012475917406646	-0.06898782927951311	0.9723883438463526	-0.0465469536945895	0.5033942671061784	-0.09246619744434155	0.9999455679334293
LCP1:chr1:2340000_chr1:2227386-2228299_distal_250kb	chr1:2227386-2228299	LCP1:chr1:2340000	-0.034579983285772053	0.5012475917406646	-0.06898782927951311	0.9723883438463526	-0.026882488325747134	0.5031530961305497	-0.05342804910172334	0.9999455679334293
MYH9:chr1:2345000_chr1:2227386-2228299_distal_250kb	chr1:2227386-2228299	MYH9:chr1:2345000	-0.034579983285772053	0.5012475917406646	-0.06898782927951311	0.9723883438463526	0.00434213190404209	0.5033596927067977	0.008626300371196669	0.9999455679334293
USP34:chr1:2350000_chr1:2227386-2228299_distal_250kb	chr1:2227386-2228299	USP34:chr1:2350000	-0.034579983285772053	0.5012475917406646	-0.06898782927951311	0.9723883438463526	0.05388745490237057	0.5033814346932339	0.10705093829137771	0.9999455679334293
PLCL2:chr1:2355000_chr1:2227386-2228299_distal_250kb	chr1:2227386-2228299	PLCL2:chr1:2355000	-0.034579983285772053	0.5012475917406646	-0.06898782927951311	0.9723883438463526	-0.09283762345430535	0.5032431641363503	-0.18447865777497502	0.9999455679334293
HNRNPC:chr1:2360000_chr1:2227386-2228299_distal_250kb	chr1:2227386-2228299	HNRNPC:chr1:2360000	-0.034579983285772053	0.5012475917406646	-0.06898782927951311	0.9723883438463526	-0.0040868555227209225	0.5033083830364379	-0.008119983017300643	0.9999455679334293
USP3:chr1:2365000_chr1:2227386-2228299_distal_250kb	chr1:2227386-2228299	USP3:chr1:2365000	-0.034579983285772053	0.5012475917406646	-0.06898782927951311	0.9723883438463526	0.08759556763985632	0.5031729316111325	0.1740864067535987	0.9999455679334293
STK10:chr1:2370000_chr1:2227386-2228299_distal_250kb	chr1:2227386-2228299	STK10:chr1:2370000	-0.034579983285772053	0.5012475917406646	-0.06898782927951311	0.9723883438463526	0.06674446582397986	0.5032927976653626	0.13261557910939548	0.9999455679334293
YWHAZ:chr1:2375000_chr1:2227386-2228299_distal_250kb	chr1:2227386-2228299	YWHAZ:chr1:2375000	-0.034579983285772053	0.5012475917406646	-0.06898782927951311	0.9723883438463526	-0.06865289265957664	0.5031993662923984	-0.13643278839044465	0.9999455679334293
FAM49B:chr1:2380000_chr1:2227386-2228299_distal_250kb	chr1:2227386-2228299	FAM49B:chr1:2380000	-0.034579983285772053	0.5012475917406646	-0.06898782927951311	0.9723883438463526	0.09594710494753067	0.5031014950117209	0.1907112300377787	0.9999455679334293
SH3KBP1:chr1:2385000_chr1:2227386-2228299_distal_250kb	chr1:2227386-2228299	SH3KBP1:chr1:2385000	-0.034579983285772053	0.5012475917406646	-0.06898782927951311	0.9723883438463526	0.18395596735069408	0.5032337899581816	0.365547725573	0.9999455679334293
TAOK3:chr1:2390000_chr1:2227386-2228299_distal_250kb	chr1:2227386-2228299	TAOK3:chr1:2390000	-0.034579983285772053	0.5012475917406646	-0.06898782927951311	0.9723883438463526	0.02225800989491178	0.5031646848395142	0.04423603358016081	0.9999455679334293
EEF1B2:chr1:2395000_chr1:2227386-2228299_distal_250kb	chr1:2227386-2228299	EEF1B2:chr1:2395000	-0.034579983285772053	0.5012475917406646	-0.06898782927951311	0.9723883438463526	-0.12481523399202132	0.5031838403182844	-0.24805095869746246	0.9999455679334293
CCND3:chr1:2400000_chr1:2227386-2228299_distal_250kb	chr1:2227386-2228299	CCND3:chr1:2400000	-0.034579983285772053	0.5012475917406646	-0.06898782927951311	0.9723883438463526	-0.16476951068796597	0.5031444769555088	-0.32747951778179996	0.9999455679334293
PNISR:chr1:2405000_chr1:2227386-2228299_distal_250kb	chr1:2227386-2228299	PNISR:chr1:2405000	-0.034579983285772053	0.5012475917406646	-0.06898782927951311	0.9723883438463526	0.0632327968623938	0.5033588286306228	0.1256217101315523	0.9999455679334293
SRSF11:chr1:2410000_chr1:2227386-2228299_distal_250kb	chr1:2227386-2228299	SRSF11:chr1:2410000	-0.034579983285772053	0.5012475917406646	-0.06898782927951311	0.9723883438463526	0.03272753960000441	0.5033417295897126	0.06502051722729507	0.9999455679334293
VPS13B:chr1:2415000_chr1:2227386-2228299_distal_250kb	chr1:2227386-2228299	VPS13B:chr1:2415000	-0.034579983285772053	0.5012475917406646	-0.06898782927951311	0.9723883438463526	0.028759804597302208	0.503226326616373	0.057150834676475123	0.9999455679334293
PAN3:chr1:2420000_chr1:2227386-2228299_distal_250kb	chr1:2227386-2228299	PAN3:chr1:2420000	-0.034579983285772053	0.5012475917406646	-0.06898782927951311	0.9723883438463526	0.04711674156379264	0.5031837953570413	0.09363723951078409	0.9999455679334293
ASH1L:chr1:2425000_chr1:2227386-2228299_distal_250kb	chr1:2227386-2228299	ASH1L:chr1:2425000	-0.034579983285772053	0.5012475917406646	-0.06898782927951311	0.9723883438463526	0.015311791774398231	0.5032538627019448	0.030425582214491084	0.9999455679334293
PPIA:chr1:2430000_chr1:2227386-2228299_distal_250kb	chr1:2227386-2228299	PPIA:chr1:2430000	-0.034579983285772053	0.5012475917406646	-0.06898782927951311	0.9723883438463526	-0.2416992161100302	0.5032350773914792	-0.48029087591206665	0.9999455679334293
KLF6:chr1:2435000_chr1:2227386-2228299_distal_250kb	chr1:2227386-2228299	KLF6:chr1:2435000	-0.034579983285772053	0.5012475917406646	-0.06898782927951311	0.9723883438463526	0.10903054816307789	0.5030137631290513	0.2167546022694123	0.9999455679334293
RAP1B:chr1:2440000_chr1:2227386-2228299_distal_250kb	chr1:2227386-2228299	RAP1B:chr1:2440000	-0.034579983285772053	0.5012475917406646	-0.06898782927951311	0.9723883438463526	-0.06754548778973435	0.5032377929502873	-0.13422181071445657	0.9999455679334293
KMT2E:chr1:2445000_chr1:2227386-2228299_distal_250kb	chr1:2227386-2228299	KMT2E:chr1:2445000	-0.034579983285772053	0.5012475917406646	-0.06898782927951311	0.9723883438463526	0.022306641090248713	0.503308199781519	0.044320043066915664	0.9999455679334293
SIK3:chr1:2450000_chr1:2227386-2228299_distal_250kb	chr1:2227386-2228299	SIK3:chr1:2450000	-0.034579983285772053	0.5012475917406646	-0.06898782927951311	0.9723883438463526	0.09446854074244393	0.5030383791240663	0.18779589125374624	0.9999455679334293
AAK1:chr1:2455000_chr1:2227386-2228299_distal_250kb	chr1:2227386-2228299	AAK1:chr1:2455000	-0.034579983285772053	0.5012475917406646	-0.06898782927951311	0.9723883438463526	-0.029981305843294836	0.5031611260100466	-0.05958589464380879	0.9999455679334293
CAPZB:chr1:2460000_chr1:2227386-2228299_distal_250kb	chr1:2227386-2228299	CAPZB:chr1:2460000	-0.034579983285772053	0.5012475917406646	-0.06898782927951311	0.9723883438463526	0.05215632208526344	0.503282865545791	0.10363222286278692	0.9999455679334293
ATM:chr1:2465000_chr1:2227386-2228299_distal_250kb	chr1:2227386-2228299	ATM:chr1:2465000	-0.034579983285772053	0.5012475917406646	-0.06898782927951311	0.9723883438463526	0.037967560038337234	0.5032048100699962	0.0754515045932409	0.9999455679334293
ARID4B:chr1:2470000_chr1:2227386-2228299_distal_250kb	chr1:2227386-2228299	ARID4B:chr1:2470000	-0.034579983285772053	0.5012475917406646	-0.06898782927951311	0.9723883438463526	-0.04851086633001733	0.5032740079941983	-0.09639056569473495	0.9999455679334293
PARP8:chr1:2475000_chr1:2227386-2228299_distal_250kb	chr1:2227386-2228299	PARP8:chr1:2475000	-0.034579983285772053	0.5012475917406646	-0.06898782927951311	0.9723883438463526	-0.03216914410150151	0.5031383734048765	-0.06393697201786462	0.9999455679334293
RPL7:chr1:2995000_chr14:81220663-81221541_external	chr14:81220663-81221541	RPL7:chr1:2995000	1.441755814245265	0.5011427206554075	2.8769365588303852	0.024925852220150254	1.3253672527509461	0.5028071594973998	2.635935522628134	0.5787152782889806
XRN1:chr1:1575000_chr19:41859497-41860387_external	chr19:41859497-41860387	XRN1:chr1:1575000	1.5526338432202265	0.5011430002165461	3.098185233654519	0.024925852220150254	1.5497517240963692	0.5030684943444621	3.0805978540075696	0.5787152782889806
ANKRD44:chr1:3165000_chr16:9090972-9091894_external	chr16:9090972-9091894	ANKRD44:chr1:3165000	1.3311276032080497	0.5010975393416698	2.6564241463984315	0.024925852220150254	1.3553210420386321	0.5027841261073456	2.6956321245298582	0.5787152782889806
ARHGAP25:chr1:1305000_chr16:53502986-53503900_external	chr16:53502986-53503900	ARHGAP25:chr1:1305000	1.5773597413810534	0.5011222701687388	3.147654445390986	0.024925852220150254	1.747133916676403	0.5032013612296563	3.4720373418843513	0.5787152782889806
RACK1:chr1:2780000_chr8:25458286-25459168_external	chr8:25458286-25459168	RACK1:chr1:2780000	1.0656395950599182	0.5011091249261748	2.1265619444006574	0.06453392432369284	0.9934195520086699	0.5028970991394986	1.9753932836528556	0.9999455679334293
CD44:chr1:2715000_chr19:10960416-10961319_external	chr19:10960416-10961319	CD44:chr1:2715000	1.0381902469711366	0.5011478043559444	2.071624853879941	0.06459580158118072	1.0015520918070262	0.5028685773560787	1.9916776209658298	0.9999455679334293
FNBP4:chr1:1425000_chr1:1307786-1308731_external	chr1:1307786-1308731	FNBP4:chr1:1425000	1.4929075886611107	0.5011409745848798	2.979017211469808	0.024925852220150254	1.5699881451140412	0.5032045834504363	3.119979818841771	0.5787152782889806
UTRN:chr1:2905000_chr19:49495755-49496659_external	chr19:49495755-49496659	UTRN:chr1:2905000	1.362444216525094	0.5011560988774889	2.718602486484262	0.024925852220150254	1.3937795982036199	0.5027741843175183	2.772178130218799	0.5787152782889806
TBC1D5:chr1:2265000_chr7:44082168-44083093_external	chr7:44082168-44083093	TBC1D5:chr1:2265000	1.3949955557416627	0.5011504037872431	2.783586614316867	0.024925852220150254	1.4527225499038496	0.502942067591917	2.8884490749789036	0.5787152782889806
BBX:chr1:1725000_chr4:152535836-152536698_external	chr4:152535836-152536698	BBX:chr1:1725000	1.381413345095852	0.5011665994743919	2.7563954711759235	0.024925852220150254	1.4159875173052585	0.503171227238052	2.814126564982123	0.5787152782889806
