event_id	context	z_atac	z_rna	z_rna_given_atac	quality_score	atac_fdr	rna_fdr	atac_direction	rna_direction	atac_pval	rna_pval	rna_after_atac_pval
BCL11B:chr1:1060000_chr1:1307786-1308731_distal_250kb		2.979017211469808	-0.010390765509717919	-0.46768269960739023	0.8714449842953518	0.024925852220150254	0.9999455679334293	1	-1	0.008422987777361491	0.9918304842286767	0.6400115147634071
ATF7IP:chr1:1065000_chr1:1307786-1308731_distal_250kb		2.979017211469808	0.06704824818318356	-0.20393917202988654	0.8714449842953518	0.024925852220150254	0.9999455679334293	1	1	0.008422987777361491	0.9473255409436516	0.8384010334485191
QKI:chr1:1070000_chr1:1307786-1308731_distal_250kb		2.979017211469808	0.041930324451120826	0.3297966270212016	0.8714449842953518	0.024925852220150254	0.9999455679334293	1	1	0.008422987777361491	0.9670427820007732	0.741553636172302
FLNA:chr1:1075000_chr1:1307786-1308731_distal_250kb		2.979017211469808	0.22085949227436413	0.4048934263065537	0.8714449842953518	0.024925852220150254	0.9999455679334293	1	1	0.008422987777361491	0.8278326785932364	0.6855558506399455
PKN2:chr1:1080000_chr1:1307786-1308731_distal_250kb		2.979017211469808	-0.043684464731150494	0.10907884318542559	0.8714449842953518	0.024925852220150254	0.9999455679334293	1	-1	0.008422987777361491	0.9656649381324431	0.9131399554399753
CAP1:chr1:1085000_chr1:1307786-1308731_distal_250kb		2.979017211469808	-0.0677627344194831	0.08467902577534905	0.8714449842953518	0.024925852220150254	0.9999455679334293	1	-1	0.008422987777361491	0.946765130269686	0.9325165710720754
SEPTIN9:chr1:1090000_chr1:1307786-1308731_distal_250kb		2.979017211469808	-0.13687001388972486	-0.13647033308224646	0.8714449842953518	0.024925852220150254	0.9999455679334293	1	-1	0.008422987777361491	0.8927414316991722	0.8914494758776569
CEP85L:chr1:1095000_chr1:1307786-1308731_distal_250kb		2.979017211469808	-0.13599066013000163	-0.26251983378392313	0.8714449842953518	0.024925852220150254	0.9999455679334293	1	-1	0.008422987777361491	0.893426042002105	0.7929206962655738
CHD1:chr1:1100000_chr1:1307786-1308731_distal_250kb		2.979017211469808	0.028322069746903246	0.07840110007587325	0.8714449842953518	0.024925852220150254	0.9999455679334293	1	1	0.008422987777361491	0.9777351095728974	0.9375089984923455
TNRC6A:chr1:1105000_chr1:1307786-1308731_distal_250kb		2.979017211469808	0.06467211441701995	0.10459163772838048	0.8714449842953518	0.024925852220150254	0.9999455679334293	1	1	0.008422987777361491	0.9491894754841245	0.9166998504363116
FOXO1:chr1:1110000_chr1:1307786-1308731_distal_250kb		2.979017211469808	-0.2603672648307009	-0.37183013592278435	0.8714449842953518	0.024925852220150254	0.9999455679334293	1	-1	0.008422987777361491	0.7977079447966113	0.7100193246217159
DDX21:chr1:1115000_chr1:1307786-1308731_distal_250kb		2.979017211469808	-0.06874455832669377	0.12145888592858085	0.8714449842953518	0.024925852220150254	0.9999455679334293	1	-1	0.008422987777361491	0.9459950789344641	0.9033275778272609
TAPBP:chr1:1120000_chr1:1307786-1308731_distal_250kb		2.979017211469808	0.050195248649862585	0.06981240339432856	0.8714449842953518	0.024925852220150254	0.9999455679334293	1	1	0.008422987777361491	0.9605518538052238	0.9443429747855848
ATG7:chr1:1125000_chr1:1307786-1308731_distal_250kb		2.979017211469808	-0.12620818493297883	0.12234932538398707	0.8714449842953518	0.024925852220150254	0.9999455679334293	1	-1	0.008422987777361491	0.9010477857644159	0.9026223693861223
MCL1:chr1:1130000_chr1:1307786-1308731_distal_250kb		2.979017211469808	0.32460814929462	0.34962671421278824	0.8714449842953518	0.024925852220150254	0.9999455679334293	1	1	0.008422987777361491	0.7494379112559347	0.726618859720033
EIF3A:chr1:1135000_chr1:1307786-1308731_distal_250kb		2.979017211469808	0.055137360895539146	0.14995724391148008	0.8714449842953518	0.024925852220150254	0.9999455679334293	1	1	0.008422987777361491	0.9566718558505884	0.8807983481540592
MEF2A:chr1:1140000_chr1:1307786-1308731_distal_250kb		2.979017211469808	0.017780766323812758	0.1918239725184112	0.8714449842953518	0.024925852220150254	0.9999455679334293	1	1	0.008422987777361491	0.9860207686955564	0.8478800923091931
ACTR3:chr1:1145000_chr1:1307786-1308731_distal_250kb		2.979017211469808	0.09702558470595955	0.08851112921915455	0.8714449842953518	0.024925852220150254	0.9999455679334293	1	1	0.008422987777361491	0.9238407908899907	0.929470439219012
PUM1:chr1:1150000_chr1:1307786-1308731_distal_250kb		2.979017211469808	0.17244146617684392	-0.12256357822644828	0.8714449842953518	0.024925852220150254	0.9999455679334293	1	1	0.008422987777361491	0.8651267751398801	0.9024526972983977
PIK3CD:chr1:1155000_chr1:1307786-1308731_distal_250kb		2.979017211469808	-0.17763925103522576	-0.2607326722622276	0.8714449842953518	0.024925852220150254	0.9999455679334293	1	-1	0.008422987777361491	0.8611057515460985	0.7942986684603222
TPM3:chr1:1160000_chr1:1307786-1308731_distal_250kb		2.979017211469808	0.03236446418355207	0.3367077577625619	0.8714449842953518	0.024925852220150254	0.9999455679334293	1	1	0.008422987777361491	0.974558354475656	0.7363372146788696
ZNF638:chr1:1165000_chr1:1307786-1308731_distal_250kb		2.979017211469808	-0.09750322981768456	-0.29952054691797825	0.8714449842953518	0.024925852220150254	0.9999455679334293	1	-1	0.008422987777361491	0.9234671212175656	0.7645428970379657
ITFG1:chr1:1170000_chr1:1307786-1308731_distal_250kb		2.979017211469808	0.26900933710654623	0.31152075574160537	0.8714449842953518	0.024925852220150254	0.9999455679334293	1	1	0.008422987777361491	0.7911600978502775	0.7554047665326435
RAP1A:chr1:1175000_chr1:1307786-1308731_distal_250kb		2.979017211469808	-0.061291223416856125	0.08210365293922235	0.8714449842953518	0.024925852220150254	0.9999455679334293	1	-1	0.008422987777361491	0.9518421018370824	0.9345642883086057
WASF2:chr1:1180000_chr1:1307786-1308731_distal_250kb		2.979017211469808	0.047237653364298124	-0.03293825831788524	0.8714449842953518	0.024925852220150254	0.9999455679334293	1	1	0.008422987777361491	0.9628743231666986	0.9737238236113323
ADK:chr1:1185000_chr1:1307786-1308731_distal_250kb		2.979017211469808	-0.06961429996835418	-0.18766859044781423	0.8714449842953518	0.024925852220150254	0.9999455679334293	1	-1	0.008422987777361491	0.9453129804293657	0.8511364539356815
RBM6:chr1:1190000_chr1:1307786-1308731_distal_250kb		2.979017211469808	0.02428429451056912	0.017061741907072332	0.8714449842953518	0.024925852220150254	0.9999455679334293	1	1	0.008422987777361491	0.9809086190897642	0.986387360001955
BAZ1A:chr1:1195000_chr1:1307786-1308731_distal_250kb		2.979017211469808	0.17991022976529739	0.06581123830904331	0.8714449842953518	0.024925852220150254	0.9999455679334293	1	1	0.008422987777361491	0.8593501394671165	0.9475281087585796
ITPR2:chr1:1200000_chr1:1307786-1308731_distal_250kb		2.979017211469808	0.21721481354072425	0.10140355378581085	0.8714449842953518	0.024925852220150254	0.9999455679334293	1	1	0.008422987777361491	0.830626512807972	0.9192301155046912
ARPC3:chr1:1205000_chr1:1307786-1308731_distal_250kb		2.979017211469808	0.00635993222399218	0.22691451302034815	0.8714449842953518	0.024925852220150254	0.9999455679334293	1	1	0.008422987777361491	0.9949995805758072	0.820490216636131
PCM1:chr1:1210000_chr1:1307786-1308731_distal_250kb		2.979017211469808	-0.008038305922456489	-0.05532315242948793	0.8714449842953518	0.024925852220150254	0.9999455679334293	1	-1	0.008422987777361491	0.9936800066028151	0.9558810174381192
MAP3K1:chr1:1215000_chr1:1307786-1308731_distal_250kb		2.979017211469808	0.008120177444784731	0.09064250200533211	0.8714449842953518	0.024925852220150254	0.9999455679334293	1	1	0.008422987777361491	0.9936156378782599	0.9277766591992761
SEPTIN6:chr1:1220000_chr1:1307786-1308731_distal_250kb		2.979017211469808	-0.4102390071710298	-0.6029769494176105	0.8714449842953518	0.024925852220150254	0.9999455679334293	1	-1	0.008422987777361491	0.6867544130550445	0.5465240236645477
KLF12:chr1:1225000_chr1:1307786-1308731_distal_250kb		2.979017211469808	-0.3847899826568495	-0.5085690141106793	0.8714449842953518	0.024925852220150254	0.9999455679334293	1	-1	0.008422987777361491	0.7051644401663243	0.6110543528354726
HLA-F:chr1:1230000_chr1:1307786-1308731_distal_250kb		2.979017211469808	-0.15219214254168006	-0.10925334376454618	0.8714449842953518	0.024925852220150254	0.9999455679334293	1	-1	0.008422987777361491	0.8808270406129579	0.9130015512816412
PAG1:chr1:1235000_chr1:1307786-1308731_distal_250kb		2.979017211469808	-0.1781990572708826	-0.2721145954339935	0.8714449842953518	0.024925852220150254	0.9999455679334293	1	-1	0.008422987777361491	0.8606729155697713	0.7855339073195886
TRAPPC9:chr1:1240000_chr1:1307786-1308731_distal_250kb		2.979017211469808	0.1436795246177118	0.006703910857866263	0.8714449842953518	0.024925852220150254	0.9999455679334293	1	1	0.008422987777361491	0.88744296079891	0.9946510930950107
STAG2:chr1:1245000_chr1:1307786-1308731_distal_250kb		2.979017211469808	0.01652708972020594	0.0454458271384158	0.8714449842953518	0.024925852220150254	0.9999455679334293	1	1	0.008422987777361491	0.9870063101163182	0.9637519539243833
ST6GAL1:chr1:1250000_chr1:1307786-1308731_distal_250kb		2.979017211469808	-0.34882401416651565	-0.4049204619496859	0.8714449842953518	0.024925852220150254	0.9999455679334293	1	-1	0.008422987777361491	0.7315043716419427	0.6855359770851729
HLA-DRA:chr1:1255000_chr1:1307786-1308731_distal_250kb		2.979017211469808	0.18376487649370485	0.11781854636334786	0.8714449842953518	0.024925852220150254	0.9999455679334293	1	1	0.008422987777361491	0.8563719903621025	0.9062114340257106
KTN1:chr1:1260000_chr1:1307786-1308731_distal_250kb		2.979017211469808	-0.11608736377501529	-0.1662004610462906	0.8714449842953518	0.024925852220150254	0.9999455679334293	1	-1	0.008422987777361491	0.9089436165141206	0.8679991966313255
EMP3:chr1:1265000_chr1:1307786-1308731_distal_250kb		2.979017211469808	-0.020895367432682527	0.26987956635099414	0.8714449842953518	0.024925852220150254	0.9999455679334293	1	-1	0.008422987777361491	0.9835724197556788	0.7872529077659834
UVRAG:chr1:1270000_chr1:1307786-1308731_distal_250kb		2.979017211469808	-0.07437456650221465	-0.1976928178712154	0.8714449842953518	0.024925852220150254	0.9999455679334293	1	-1	0.008422987777361491	0.9415805102873578	0.8432854093257457
CCNY:chr1:1275000_chr1:1307786-1308731_distal_250kb		2.979017211469808	0.1093112418469372	0.15926272324961432	0.8714449842953518	0.024925852220150254	0.9999455679334293	1	1	0.008422987777361491	0.9142355969528624	0.8734618883928998
NFKB1:chr1:1280000_chr1:1307786-1308731_distal_250kb		2.979017211469808	0.01679919359211614	0.08622637406953372	0.8714449842953518	0.024925852220150254	0.9999455679334293	1	1	0.008422987777361491	0.9867924016731562	0.9312864653060897
FOSB:chr1:1285000_chr1:1307786-1308731_distal_250kb		2.979017211469808	-0.061065767348012445	0.19500743302748047	0.8714449842953518	0.024925852220150254	0.9999455679334293	1	-1	0.008422987777361491	0.9520190143376864	0.8453871286199145
PRMT2:chr1:1290000_chr1:1307786-1308731_distal_250kb		2.979017211469808	-0.060209759989665455	-0.05207868331347421	0.8714449842953518	0.024925852220150254	0.9999455679334293	1	-1	0.008422987777361491	0.952690735788736	0.9584659981642296
ANXA1:chr1:1295000_chr1:1307786-1308731_distal_250kb		2.979017211469808	0.34644914241656344	0.7554328103955692	0.8714449842953518	0.024925852220150254	0.9999455679334293	1	1	0.008422987777361491	0.7332562713286029	0.4499893327622746
USP25:chr1:1300000_chr1:1307786-1308731_distal_250kb		2.979017211469808	0.13413707777843983	0.29309412528564543	0.8714449842953518	0.024925852220150254	0.9999455679334293	1	1	0.008422987777361491	0.8948694092532592	0.7694502070419251
ARHGAP25:chr1:1305000_chr1:1307786-1308731_distal_250kb		2.979017211469808	3.4720373418843513	1.6760820050360596	0.8714449842953518	0.024925852220150254	0.5787152782889806	1	1	0.008422987777361491	0.0029155125414537615	0.09372213099079063
RAPGEF6:chr1:1310000_chr1:1307786-1308731_promoter		2.979017211469808	0.009358744940056608	-0.3383933382462467	0.8714449842953518	0.024925852220150254	0.9999455679334293	1	1	0.008422987777361491	0.9926418617270572	0.7350667936536999
CUX1:chr1:1315000_chr1:1307786-1308731_distal_250kb		2.979017211469808	0.25822756838506233	0.09127223325424658	0.8714449842953518	0.024925852220150254	0.9999455679334293	1	1	0.008422987777361491	0.7993315516412443	0.927276280530694
SMG1:chr1:1320000_chr1:1307786-1308731_distal_250kb		2.979017211469808	0.14812728356220628	-0.12122128901228754	0.8714449842953518	0.024925852220150254	0.9999455679334293	1	1	0.008422987777361491	0.8839851082028715	0.9035157622672108
GNAI2:chr1:1325000_chr1:1307786-1308731_distal_250kb		2.979017211469808	0.4121861513772483	0.4299035387787019	0.8714449842953518	0.024925852220150254	0.9999455679334293	1	1	0.008422987777361491	0.6853539599025398	0.6672658111622525
JARID2:chr1:1330000_chr1:1307786-1308731_distal_250kb		2.979017211469808	-0.00584766443703818	0.2507019567584755	0.8714449842953518	0.024925852220150254	0.9999455679334293	1	-1	0.008422987777361491	0.9954023398243392	0.8020445477122179
DOCK11:chr1:1335000_chr1:1307786-1308731_distal_250kb		2.979017211469808	0.02379028800453998	0.1529285588936286	0.8714449842953518	0.024925852220150254	0.9999455679334293	1	1	0.008422987777361491	0.9812969096799731	0.878454614066287
AP3B1:chr1:1340000_chr1:1307786-1308731_distal_250kb		2.979017211469808	0.08321561925323714	0.2264654587040557	0.8714449842953518	0.024925852220150254	0.9999455679334293	1	1	0.008422987777361491	0.9346521206751455	0.820839421347813
TMA7:chr1:1345000_chr1:1307786-1308731_distal_250kb		2.979017211469808	-0.08920224838039291	-0.0008027333049365663	0.8714449842953518	0.024925852220150254	0.9999455679334293	1	-1	0.008422987777361491	0.9299636594573631	0.9993595115583352
WAC:chr1:1350000_chr1:1307786-1308731_distal_250kb		2.979017211469808	0.12796113036090032	0.024296138238095403	0.8714449842953518	0.024925852220150254	0.9999455679334293	1	1	0.008422987777361491	0.8996812726249068	0.9806163934628118
AHNAK:chr1:1355000_chr1:1307786-1308731_distal_250kb		2.979017211469808	0.0700923852867922	0.44600585341270854	0.8714449842953518	0.024925852220150254	0.9999455679334293	1	1	0.008422987777361491	0.944938058611112	0.655593017735395
PRKCA:chr1:1360000_chr1:1307786-1308731_distal_250kb		2.979017211469808	-0.11204164986115459	-0.29492759226106696	0.8714449842953518	0.024925852220150254	0.9999455679334293	1	-1	0.008422987777361491	0.912102703758064	0.7680491933735608
PCNX1:chr1:1365000_chr1:1307786-1308731_distal_250kb		2.979017211469808	-0.0012810535336134263	-0.2222473423181892	0.8714449842953518	0.024925852220150254	0.9999455679334293	1	-1	0.008422987777361491	0.9989927803289643	0.8241213416873108
CAMK2D:chr1:1370000_chr1:1307786-1308731_distal_250kb		2.979017211469808	0.2916705083727424	0.3223251020583988	0.8714449842953518	0.024925852220150254	0.9999455679334293	1	1	0.008422987777361491	0.7740677163901031	0.747206418369444
CAMK2D:chr1:1370000_chr1:1615081-1615893_distal_250kb		0.035126102330431695	0.2916705083727424	0.2921467464906329	0.8714449842953518	0.9723883438463526	0.9999455679334293	1	1	0.9723883438463526	0.7740677163901031	0.7701744263522675
NLRC5:chr1:1375000_chr1:1307786-1308731_distal_250kb		2.979017211469808	0.12881120222582468	-0.06964687253208092	0.8714449842953518	0.024925852220150254	0.9999455679334293	1	1	0.008422987777361491	0.8990187133653585	0.9444747286068991
NLRC5:chr1:1375000_chr1:1615081-1615893_distal_250kb		0.035126102330431695	0.12881120222582468	0.11716196074664202	0.8714449842953518	0.9723883438463526	0.9999455679334293	1	1	0.9723883438463526	0.8990187133653585	0.9067317101864302
CREBBP:chr1:1380000_chr1:1307786-1308731_distal_250kb		2.979017211469808	-0.139625819906727	-0.15879559914049926	0.8714449842953518	0.024925852220150254	0.9999455679334293	1	-1	0.008422987777361491	0.8905964990406731	0.8738299161941077
CREBBP:chr1:1380000_chr1:1615081-1615893_distal_250kb		0.035126102330431695	-0.139625819906727	-0.1149049076138176	0.8714449842953518	0.9723883438463526	0.9999455679334293	1	-1	0.9723883438463526	0.8905964990406731	0.9085204951497615
SIPA1L1:chr1:1385000_chr1:1307786-1308731_distal_250kb		2.979017211469808	0.4637221322409303	0.6132961250800321	0.8714449842953518	0.024925852220150254	0.9999455679334293	1	1	0.008422987777361491	0.6487291169351241	0.5396805550767266
SIPA1L1:chr1:1385000_chr1:1615081-1615893_distal_250kb		0.035126102330431695	0.4637221322409303	0.572321441148915	0.8714449842953518	0.9723883438463526	0.9999455679334293	1	1	0.9723883438463526	0.6487291169351241	0.5671042264911149
WSB1:chr1:1390000_chr1:1307786-1308731_distal_250kb		2.979017211469808	-0.05377548826170917	-0.05348991569691004	0.8714449842953518	0.024925852220150254	0.9999455679334293	1	-1	0.008422987777361491	0.9577409396120935	0.9573415652560796
WSB1:chr1:1390000_chr1:1615081-1615893_distal_250kb		0.035126102330431695	-0.05377548826170917	0.0062900452033474484	0.8714449842953518	0.9723883438463526	0.9999455679334293	1	-1	0.9723883438463526	0.9577409396120935	0.9949813031393652
DYRK1A:chr1:1395000_chr1:1307786-1308731_distal_250kb		2.979017211469808	-0.09326819797420093	-0.0824225850628552	0.8714449842953518	0.024925852220150254	0.9999455679334293	1	-1	0.008422987777361491	0.9267808886729446	0.9343106768680021
DYRK1A:chr1:1395000_chr1:1615081-1615893_distal_250kb		0.035126102330431695	-0.09326819797420093	-0.11610002173624397	0.8714449842953518	0.9723883438463526	0.9999455679334293	1	-1	0.9723883438463526	0.9267808886729446	0.907573271588268
PARP14:chr1:1400000_chr1:1307786-1308731_distal_250kb		2.979017211469808	0.19553119230037258	0.32554468670851444	0.8714449842953518	0.024925852220150254	0.9999455679334293	1	1	0.008422987777361491	0.8472951575648127	0.7447688676943378
PARP14:chr1:1400000_chr1:1615081-1615893_distal_250kb		0.035126102330431695	0.19553119230037258	0.249877009014995	0.8714449842953518	0.9723883438463526	0.9999455679334293	1	1	0.9723883438463526	0.8472951575648127	0.8026824634813001
IFI16:chr1:1405000_chr1:1307786-1308731_distal_250kb		2.979017211469808	-0.008774789847812759	0.14316645623787175	0.8714449842953518	0.024925852220150254	0.9999455679334293	1	-1	0.008422987777361491	0.9931009726110334	0.8861587209225454
IFI16:chr1:1405000_chr1:1615081-1615893_distal_250kb		0.035126102330431695	-0.008774789847812759	0.076249134204571	0.8714449842953518	0.9723883438463526	0.9999455679334293	1	-1	0.9723883438463526	0.9931009726110334	0.9392208929920144
GLS:chr1:1410000_chr1:1307786-1308731_distal_250kb		2.979017211469808	-0.054404553880002406	-0.02481530559821857	0.8714449842953518	0.024925852220150254	0.9999455679334293	1	-1	0.008422987777361491	0.9572471063254926	0.9802022827161381
GLS:chr1:1410000_chr1:1615081-1615893_distal_250kb		0.035126102330431695	-0.054404553880002406	-0.03318129355242856	0.8714449842953518	0.9723883438463526	0.9999455679334293	1	-1	0.9723883438463526	0.9572471063254926	0.973530015490555
AGTPBP1:chr1:1415000_chr1:1307786-1308731_distal_250kb		2.979017211469808	0.20016750730953903	0.5001085391069483	0.8714449842953518	0.024925852220150254	0.9999455679334293	1	1	0.008422987777361491	0.8437245687545143	0.616998653813572
AGTPBP1:chr1:1415000_chr1:1615081-1615893_distal_250kb		0.035126102330431695	0.20016750730953903	0.3554493591705427	0.8714449842953518	0.9723883438463526	0.9999455679334293	1	1	0.9723883438463526	0.8437245687545143	0.7222529765652599
SPIDR:chr1:1420000_chr1:1307786-1308731_distal_250kb		2.979017211469808	0.004194362403022401	0.2548388862533104	0.8714449842953518	0.024925852220150254	0.9999455679334293	1	1	0.008422987777361491	0.9967022202299465	0.7988475396829255
SPIDR:chr1:1420000_chr1:1615081-1615893_distal_250kb		0.035126102330431695	0.004194362403022401	0.08278596023925555	0.8714449842953518	0.9723883438463526	0.9999455679334293	1	1	0.9723883438463526	0.9967022202299465	0.9340217329097315
FNBP4:chr1:1425000_chr1:1307786-1308731_distal_250kb		2.979017211469808	3.119979818841771	1.3049413961428775	0.8714449842953518	0.024925852220150254	0.5787152782889806	1	1	0.008422987777361491	0.006231821471891367	0.19191280388878673
FNBP4:chr1:1425000_chr1:1615081-1615893_distal_250kb		0.035126102330431695	3.119979818841771	2.882053926305849	0.8714449842953518	0.9723883438463526	0.5787152782889806	1	1	0.9723883438463526	0.006231821471891367	0.00395092109880527
SLC25A6:chr1:1430000_chr1:1307786-1308731_distal_250kb		2.979017211469808	-0.07810872313785744	0.04827645329742193	0.8714449842953518	0.024925852220150254	0.9999455679334293	1	-1	0.008422987777361491	0.9386535754043661	0.9614959202146407
SLC25A6:chr1:1430000_chr1:1615081-1615893_distal_250kb		0.035126102330431695	-0.07810872313785744	-0.006791838364861582	0.8714449842953518	0.9723883438463526	0.9999455679334293	1	-1	0.9723883438463526	0.9386535754043661	0.9945809386919486
CAMK1D:chr1:1435000_chr1:1307786-1308731_distal_250kb		2.979017211469808	0.0068717831093969	0.23879787716536932	0.8714449842953518	0.024925852220150254	0.9999455679334293	1	1	0.008422987777361491	0.9945971504945632	0.8112623163957638
CAMK1D:chr1:1435000_chr1:1615081-1615893_distal_250kb		0.035126102330431695	0.0068717831093969	0.10914617276243063	0.8714449842953518	0.9723883438463526	0.9999455679334293	1	1	0.9723883438463526	0.9945971504945632	0.9130865530501849
CCDC91:chr1:1440000_chr1:1307786-1308731_distal_250kb		2.979017211469808	-0.009097667032605233	-0.16741548420655614	0.8714449842953518	0.024925852220150254	0.9999455679334293	1	-1	0.008422987777361491	0.9928471232694095	0.8670431424798699
CCDC91:chr1:1440000_chr1:1615081-1615893_distal_250kb		0.035126102330431695	-0.009097667032605233	0.0303862186831239	0.8714449842953518	0.9723883438463526	0.9999455679334293	1	-1	0.9723883438463526	0.9928471232694095	0.9757590356793788
PRPF4B:chr1:1445000_chr1:1307786-1308731_distal_250kb		2.979017211469808	-0.24720670166982778	-0.3449198138686256	0.8714449842953518	0.024925852220150254	0.9999455679334293	1	-1	0.008422987777361491	0.8077090445126787	0.7301546543593072
PRPF4B:chr1:1445000_chr1:1615081-1615893_distal_250kb		0.035126102330431695	-0.24720670166982778	-0.28214531140385785	0.8714449842953518	0.9723883438463526	0.9999455679334293	1	-1	0.9723883438463526	0.8077090445126787	0.7778320904835858
EPB41:chr1:1450000_chr1:1307786-1308731_distal_250kb		2.979017211469808	0.02060316416142389	-0.18113984860828117	0.8714449842953518	0.024925852220150254	0.9999455679334293	1	1	0.008422987777361491	0.983802110307458	0.8562578072558997
EPB41:chr1:1450000_chr1:1615081-1615893_distal_250kb		0.035126102330431695	0.02060316416142389	-0.15339142721654142	0.8714449842953518	0.9723883438463526	0.9999455679334293	1	1	0.9723883438463526	0.983802110307458	0.878089604975046
NDFIP1:chr1:1455000_chr1:1307786-1308731_distal_250kb		2.979017211469808	0.0033043903118635948	-0.30050439098735365	0.8714449842953518	0.024925852220150254	0.9999455679334293	1	1	0.008422987777361491	0.9974019497340969	0.7637924475920216
NDFIP1:chr1:1455000_chr1:1615081-1615893_distal_250kb		0.035126102330431695	0.0033043903118635948	-0.15977103845122045	0.8714449842953518	0.9723883438463526	0.9999455679334293	1	1	0.9723883438463526	0.9974019497340969	0.8730614389394251
SEPTIN7:chr1:1460000_chr1:1307786-1308731_distal_250kb		2.979017211469808	0.11050272801041788	0.005534377452097957	0.8714449842953518	0.024925852220150254	0.9999455679334293	1	1	0.008422987777361491	0.9133047684520208	0.9955842282193517
SEPTIN7:chr1:1460000_chr1:1615081-1615893_distal_250kb		0.035126102330431695	0.11050272801041788	-0.013014592923606648	0.8714449842953518	0.9723883438463526	0.9999455679334293	1	1	0.9723883438463526	0.9133047684520208	0.9896161503773803
MTDH:chr1:1465000_chr1:1307786-1308731_distal_250kb		2.979017211469808	0.03323810750848683	-0.04106433400457713	0.8714449842953518	0.024925852220150254	0.9999455679334293	1	1	0.008422987777361491	0.9738718492853181	0.9672446079478778
MTDH:chr1:1465000_chr1:1615081-1615893_distal_250kb		0.035126102330431695	0.03323810750848683	0.07119823593035671	0.8714449842953518	0.9723883438463526	0.9999455679334293	1	1	0.9723883438463526	0.9738718492853181	0.943239985379297
GNAQ:chr1:1470000_chr1:1307786-1308731_distal_250kb		2.979017211469808	0.2527943833599343	0.3908152844748555	0.8714449842953518	0.024925852220150254	0.9999455679334293	1	1	0.008422987777361491	0.8034585016262337	0.6959337763470859
GNAQ:chr1:1470000_chr1:1615081-1615893_distal_250kb		0.035126102330431695	0.2527943833599343	0.38200328519774074	0.8714449842953518	0.9723883438463526	0.9999455679334293	1	1	0.9723883438463526	0.8034585016262337	0.7024589278657041
TLE4:chr1:1475000_chr1:1307786-1308731_distal_250kb		2.979017211469808	0.054818664217677435	0.10910389464303825	0.8714449842953518	0.024925852220150254	0.9999455679334293	1	1	0.008422987777361491	0.9569220284195974	0.9131200858544324
TLE4:chr1:1475000_chr1:1615081-1615893_distal_250kb		0.035126102330431695	0.054818664217677435	0.10682171750627406	0.8714449842953518	0.9723883438463526	0.9999455679334293	1	1	0.9723883438463526	0.9569220284195974	0.9149304179759985
CELF1:chr1:1480000_chr1:1307786-1308731_distal_250kb		2.979017211469808	0.23182085857657914	0.2568329113082395	0.8714449842953518	0.024925852220150254	0.9999455679334293	1	1	0.008422987777361491	0.8194446773137336	0.7973077624906855
CELF1:chr1:1480000_chr1:1615081-1615893_distal_250kb		0.035126102330431695	0.23182085857657914	0.2650537420246592	0.8714449842953518	0.9723883438463526	0.9999455679334293	1	1	0.9723883438463526	0.8194446773137336	0.7909680616731879
ZCCHC7:chr1:1485000_chr1:1307786-1308731_distal_250kb		2.979017211469808	-0.11080197052025816	-0.29967926304340425	0.8714449842953518	0.024925852220150254	0.9999455679334293	1	-1	0.008422987777361491	0.9130710105980353	0.7644218177229649
ZCCHC7:chr1:1485000_chr1:1615081-1615893_distal_250kb		0.035126102330431695	-0.11080197052025816	-0.1797716337074486	0.8714449842953518	0.9723883438463526	0.9999455679334293	1	-1	0.9723883438463526	0.9130710105980353	0.8573318538004857
PHIP:chr1:1490000_chr1:1307786-1308731_distal_250kb		2.979017211469808	0.023947891756998064	-0.005131220665519612	0.8714449842953518	0.024925852220150254	0.9999455679334293	1	1	0.008422987777361491	0.9811730321298657	0.9959058962188173
PHIP:chr1:1490000_chr1:1615081-1615893_distal_250kb		0.035126102330431695	0.023947891756998064	0.014965306105223265	0.8714449842953518	0.9723883438463526	0.9999455679334293	1	1	0.9723883438463526	0.9811730321298657	0.9880598589990499
GIMAP7:chr1:1495000_chr1:1307786-1308731_distal_250kb		2.979017211469808	-0.04576258315579297	-0.0878478752577719	0.8714449842953518	0.024925852220150254	0.9999455679334293	1	-1	0.008422987777361491	0.9640327605913779	0.9299975858687324
GIMAP7:chr1:1495000_chr1:1615081-1615893_distal_250kb		0.035126102330431695	-0.04576258315579297	-0.17000037850617727	0.8714449842953518	0.9723883438463526	0.9999455679334293	1	-1	0.9723883438463526	0.9640327605913779	0.8650098389782807
HNRNPK:chr1:1500000_chr1:1307786-1308731_distal_250kb		2.979017211469808	-0.16331755449476523	-0.0015710852322541324	0.8714449842953518	0.024925852220150254	0.9999455679334293	1	-1	0.008422987777361491	0.8721942125370974	0.9987464558651681
HNRNPK:chr1:1500000_chr1:1615081-1615893_distal_250kb		0.035126102330431695	-0.16331755449476523	-0.09370910527780395	0.8714449842953518	0.9723883438463526	0.9999455679334293	1	-1	0.9723883438463526	0.8721942125370974	0.9253402371433403
RBMS1:chr1:1505000_chr1:1307786-1308731_distal_250kb		2.979017211469808	0.13812557084077218	0.2654437507614558	0.8714449842953518	0.024925852220150254	0.9999455679334293	1	1	0.008422987777361491	0.8917640840975263	0.7906676363142249
RBMS1:chr1:1505000_chr1:1615081-1615893_distal_250kb		0.035126102330431695	0.13812557084077218	0.22492909184650117	0.8714449842953518	0.9723883438463526	0.9999455679334293	1	1	0.9723883438463526	0.8917640840975263	0.8220344371032259
MSN:chr1:1510000_chr1:1307786-1308731_distal_250kb		2.979017211469808	-0.005924072815226567	0.18010291532026207	0.8714449842953518	0.024925852220150254	0.9999455679334293	1	-1	0.008422987777361491	0.995342265338528	0.8570717739400939
MSN:chr1:1510000_chr1:1615081-1615893_distal_250kb		0.035126102330431695	-0.005924072815226567	0.0600387008379787	0.8714449842953518	0.9723883438463526	0.9999455679334293	1	-1	0.9723883438463526	0.995342265338528	0.9521248114583156
FRYL:chr1:1515000_chr1:1307786-1308731_distal_250kb		2.979017211469808	0.022018362615463652	0.09876170058726744	0.8714449842953518	0.024925852220150254	0.9999455679334293	1	1	0.008422987777361491	0.9826896873668509	0.9213274782781605
FRYL:chr1:1515000_chr1:1615081-1615893_distal_250kb		0.035126102330431695	0.022018362615463652	0.09177031411324083	0.8714449842953518	0.9723883438463526	0.9999455679334293	1	1	0.9723883438463526	0.9826896873668509	0.9268805304128086
RSRP1:chr1:1520000_chr1:1307786-1308731_distal_250kb		2.979017211469808	0.07400699319250299	0.08546701323481955	0.8714449842953518	0.024925852220150254	0.9999455679334293	1	1	0.008422987777361491	0.9418686715985081	0.9318901191144106
RSRP1:chr1:1520000_chr1:1615081-1615893_distal_250kb		0.035126102330431695	0.07400699319250299	0.08581874540263153	0.8714449842953518	0.9723883438463526	0.9999455679334293	1	1	0.9723883438463526	0.9418686715985081	0.9316105047762755
ATP11B:chr1:1525000_chr1:1307786-1308731_distal_250kb		2.979017211469808	6.923054929554128e-05	-0.059919226265477105	0.8714449842953518	0.024925852220150254	0.9999455679334293	1	1	0.008422987777361491	0.9999455679334293	0.9522199670610365
ATP11B:chr1:1525000_chr1:1615081-1615893_distal_250kb		0.035126102330431695	6.923054929554128e-05	0.10252855580227789	0.8714449842953518	0.9723883438463526	0.9999455679334293	1	1	0.9723883438463526	0.9999455679334293	0.9183371480243199
PPP6R3:chr1:1530000_chr1:1307786-1308731_distal_250kb		2.979017211469808	0.06941574012550357	-0.022788225666227232	0.8714449842953518	0.024925852220150254	0.9999455679334293	1	1	0.008422987777361491	0.9454686979820166	0.9818192001444549
PPP6R3:chr1:1530000_chr1:1615081-1615893_distal_250kb		0.035126102330431695	0.06941574012550357	0.10514572865400684	0.8714449842953518	0.9723883438463526	0.9999455679334293	1	1	0.9723883438463526	0.9454686979820166	0.9162601741631501
CCDC88C:chr1:1535000_chr1:1307786-1308731_distal_250kb		2.979017211469808	0.18728272020848513	0.09884703414249953	0.8714449842953518	0.024925852220150254	0.9999455679334293	1	1	0.008422987777361491	0.8536560032488365	0.9212597234818345
CCDC88C:chr1:1535000_chr1:1615081-1615893_distal_250kb		0.035126102330431695	0.18728272020848513	0.1821110026070571	0.8714449842953518	0.9723883438463526	0.9999455679334293	1	1	0.9723883438463526	0.8536560032488365	0.8554956142855326
UBE2D3:chr1:1540000_chr1:1307786-1308731_distal_250kb		2.979017211469808	0.012890532828738714	-0.06684750676115948	0.8714449842953518	0.024925852220150254	0.9999455679334293	1	1	0.008422987777361491	0.9898652000539212	0.9467031030358978
UBE2D3:chr1:1540000_chr1:1615081-1615893_distal_250kb		0.035126102330431695	0.012890532828738714	0.03889276822340974	0.8714449842953518	0.9723883438463526	0.9999455679334293	1	1	0.9723883438463526	0.9898652000539212	0.9689758823300222
NLRP1:chr1:1545000_chr1:1307786-1308731_distal_250kb		2.979017211469808	0.06425568606840701	0.02406711519737426	0.8714449842953518	0.024925852220150254	0.9999455679334293	1	1	0.008422987777361491	0.9495161701092238	0.980799073991546
NLRP1:chr1:1545000_chr1:1615081-1615893_distal_250kb		0.035126102330431695	0.06425568606840701	0.04607435329803677	0.8714449842953518	0.9723883438463526	0.9999455679334293	1	1	0.9723883438463526	0.9495161701092238	0.9632509873968842
FCHSD2:chr1:1550000_chr1:1307786-1308731_distal_250kb		2.979017211469808	-0.030073562854795094	-0.14727276453130278	0.8714449842953518	0.024925852220150254	0.9999455679334293	1	-1	0.008422987777361491	0.9763586311285715	0.8829167288068077
FCHSD2:chr1:1550000_chr1:1615081-1615893_distal_250kb		0.035126102330431695	-0.030073562854795094	0.01833645822816748	0.8714449842953518	0.9723883438463526	0.9999455679334293	1	-1	0.9723883438463526	0.9763586311285715	0.9853704428900463
IL32:chr1:1555000_chr1:1307786-1308731_distal_250kb		2.979017211469808	-0.4225913881031849	-0.32646883277128863	0.8714449842953518	0.024925852220150254	0.9999455679334293	1	-1	0.008422987777361491	0.6778902289577458	0.7440696664894355
IL32:chr1:1555000_chr1:1615081-1615893_distal_250kb		0.035126102330431695	-0.4225913881031849	-0.4968698148508575	0.8714449842953518	0.9723883438463526	0.9999455679334293	1	-1	0.9723883438463526	0.6778902289577458	0.6192808588418308
NCOA3:chr1:1560000_chr1:1615081-1615893_distal_250kb		0.035126102330431695	0.23661130681099432	0.16631389565318322	0.8714449842953518	0.9723883438463526	0.9999455679334293	1	1	0.9723883438463526	0.8157858635917666	0.8679099311878069
ESYT2:chr1:1565000_chr1:1615081-1615893_distal_250kb		0.035126102330431695	-0.09459178153673686	-0.06788132316611181	0.8714449842953518	0.9723883438463526	0.9999455679334293	1	-1	0.9723883438463526	0.9257450780739398	0.9458801064090583
PUM2:chr1:1570000_chr1:1615081-1615893_distal_250kb		0.035126102330431695	0.03697209487183102	0.072397640053126	0.8714449842953518	0.9723883438463526	0.9999455679334293	1	1	0.9723883438463526	0.9709379426686219	0.942285462833076
XRN1:chr1:1575000_chr1:1615081-1615893_distal_250kb		0.035126102330431695	3.0805978540075696	2.9664800941593574	0.8714449842953518	0.9723883438463526	0.5787152782889806	1	1	0.9723883438463526	0.0067805353410292	0.003012298600273132
SKAP1:chr1:1580000_chr1:1615081-1615893_distal_250kb		0.035126102330431695	-0.1607190776100826	-0.3876551780151438	0.8714449842953518	0.9723883438463526	0.9999455679334293	1	-1	0.9723883438463526	0.8742090732674768	0.6982712295889335
TTC17:chr1:1585000_chr1:1615081-1615893_distal_250kb		0.035126102330431695	0.1295983972252607	0.12413853201779805	0.8714449842953518	0.9723883438463526	0.9999455679334293	1	1	0.9723883438463526	0.8984052297373433	0.9012055899638671
ETV6:chr1:1590000_chr1:1615081-1615893_distal_250kb		0.035126102330431695	0.28123117309108736	0.34533988986445174	0.8714449842953518	0.9723883438463526	0.9999455679334293	1	1	0.9723883438463526	0.7819274435982071	0.7298388613481729
STAT3:chr1:1595000_chr1:1615081-1615893_distal_250kb		0.035126102330431695	-0.11990105515060984	-0.047485205784995765	0.8714449842953518	0.9723883438463526	0.9999455679334293	1	-1	0.9723883438463526	0.9059671395445709	0.962126521108138
ADD3:chr1:1600000_chr1:1615081-1615893_distal_250kb		0.035126102330431695	-0.01244706886496729	0.016401519475989813	0.8714449842953518	0.9723883438463526	0.9999455679334293	1	-1	0.9723883438463526	0.9902138410670874	0.9869140675464656
FBXW7:chr1:1605000_chr1:1615081-1615893_distal_250kb		0.035126102330431695	0.22338509979419344	0.3280930941279365	0.8714449842953518	0.9723883438463526	0.9999455679334293	1	1	0.9723883438463526	0.8258980601328019	0.7428412753488842
SORL1:chr1:1610000_chr1:1615081-1615893_distal_250kb		0.035126102330431695	-0.20381119785148172	-0.3247863624040349	0.8714449842953518	0.9723883438463526	0.9999455679334293	1	-1	0.9723883438463526	0.8409208862152177	0.7453427667118786
DENND4A:chr1:1615000_chr1:1615081-1615893_promoter		0.035126102330431695	-0.07107079362341658	-0.014326402658377486	0.8714449842953518	0.9723883438463526	0.9999455679334293	1	-1	0.9723883438463526	0.9441708173851884	0.9885695755161675
KDM4C:chr1:1620000_chr1:1615081-1615893_distal_250kb		0.035126102330431695	-0.035352063245211444	0.03814036221233373	0.8714449842953518	0.9723883438463526	0.9999455679334293	1	-1	0.9723883438463526	0.9722108003100339	0.9695757703158507
FAF1:chr1:1625000_chr1:1615081-1615893_distal_250kb		0.035126102330431695	-0.004117122518069599	0.06430925009420274	0.8714449842953518	0.9723883438463526	0.9999455679334293	1	-1	0.9723883438463526	0.9967629490290786	0.9487239881929528
PPP3CA:chr1:1630000_chr1:1615081-1615893_distal_250kb		0.035126102330431695	0.10087850725990133	0.13815497511564676	0.8714449842953518	0.9723883438463526	0.9999455679334293	1	1	0.9723883438463526	0.920827115835524	0.8901179384343869
LCP2:chr1:1635000_chr1:1615081-1615893_distal_250kb		0.035126102330431695	0.20241762166385624	0.2114833355400305	0.8714449842953518	0.9723883438463526	0.9999455679334293	1	1	0.9723883438463526	0.8419929329967294	0.8325101344634789
XRCC5:chr1:1640000_chr1:1615081-1615893_distal_250kb		0.035126102330431695	-0.11412660962859739	-0.07546036687793821	0.8714449842953518	0.9723883438463526	0.9999455679334293	1	-1	0.9723883438463526	0.9104744746331214	0.9398484302413973
RICTOR:chr1:1645000_chr1:1615081-1615893_distal_250kb		0.035126102330431695	0.17240793265288842	0.12734015657431805	0.8714449842953518	0.9723883438463526	0.9999455679334293	1	1	0.9723883438463526	0.8651527292777687	0.8986711786403622
CYTIP:chr1:1650000_chr1:1615081-1615893_distal_250kb		0.035126102330431695	0.33460213580504733	0.37501983469637057	0.8714449842953518	0.9723883438463526	0.9999455679334293	1	1	0.9723883438463526	0.7420180608692803	0.7076457154436517
ARL15:chr1:1655000_chr1:1615081-1615893_distal_250kb		0.035126102330431695	0.26843664724019	0.38598933149286135	0.8714449842953518	0.9723883438463526	0.9999455679334293	1	1	0.9723883438463526	0.7915935175674733	0.6995045699592952
ATP2B1:chr1:1660000_chr1:1615081-1615893_distal_250kb		0.035126102330431695	0.08225920164156432	0.2712749176076083	0.8714449842953518	0.9723883438463526	0.9999455679334293	1	1	0.9723883438463526	0.9354013779931842	0.786179596264268
CDKAL1:chr1:1665000_chr1:1615081-1615893_distal_250kb		0.035126102330431695	0.08374635270666053	0.08727787054507057	0.8714449842953518	0.9723883438463526	0.9999455679334293	1	1	0.9723883438463526	0.9342363714024353	0.9304506436338899
VTI1A:chr1:1670000_chr1:1615081-1615893_distal_250kb		0.035126102330431695	0.24784489968175827	0.35757331522577873	0.8714449842953518	0.9723883438463526	0.9999455679334293	1	1	0.9723883438463526	0.8072232520196474	0.7206626510369791
ANKRD17:chr1:1675000_chr1:1615081-1615893_distal_250kb		0.035126102330431695	0.048501722372518055	-0.001969535326374545	0.8714449842953518	0.9723883438463526	0.9999455679334293	1	1	0.9723883438463526	0.9618816621428393	0.9984285391870976
MBD5:chr1:1680000_chr1:1615081-1615893_distal_250kb		0.035126102330431695	-0.12637043788331967	-0.21366796950926936	0.8714449842953518	0.9723883438463526	0.9999455679334293	1	-1	0.9723883438463526	0.9009212875586341	0.8308059911173666
SRPK2:chr1:1685000_chr1:1615081-1615893_distal_250kb		0.035126102330431695	0.08729287404286873	0.03352970066827353	0.8714449842953518	0.9723883438463526	0.9999455679334293	1	1	0.9723883438463526	0.9314587170777866	0.9732521814339342
ARHGEF3:chr1:1690000_chr1:1615081-1615893_distal_250kb		0.035126102330431695	-0.08188566063756517	-0.337241468215217	0.8714449842953518	0.9723883438463526	0.9999455679334293	1	-1	0.9723883438463526	0.9356940269048141	0.7359348792421656
TOP1:chr1:1695000_chr1:1615081-1615893_distal_250kb		0.035126102330431695	0.18684657339621819	0.19892813300182444	0.8714449842953518	0.9723883438463526	0.9999455679334293	1	1	0.9723883438463526	0.8539926328951354	0.8423189623384717
CAST:chr1:1700000_chr1:1615081-1615893_distal_250kb		0.035126102330431695	-0.010484264862268368	0.08377026119044616	0.8714449842953518	0.9723883438463526	0.9999455679334293	1	-1	0.9723883438463526	0.9917569752139899	0.9332390930191035
PRKCH:chr1:1705000_chr1:1615081-1615893_distal_250kb		0.035126102330431695	0.016798608141241476	-0.22775663238828292	0.8714449842953518	0.9723883438463526	0.9999455679334293	1	1	0.9723883438463526	0.9867928619113127	0.8198354429494827
HSPA8:chr1:1710000_chr1:1615081-1615893_distal_250kb		0.035126102330431695	-0.4440118261371766	-0.43324861091320815	0.8714449842953518	0.9723883438463526	0.9999455679334293	1	-1	0.9723883438463526	0.6626339868215267	0.6648341671617968
SF3B1:chr1:1715000_chr1:1615081-1615893_distal_250kb		0.035126102330431695	-0.048277799713694336	-0.10513089891736227	0.8714449842953518	0.9723883438463526	0.9999455679334293	1	-1	0.9723883438463526	0.9620575017680404	0.9162719413632974
GRB2:chr1:1720000_chr1:1615081-1615893_distal_250kb		0.035126102330431695	0.16686377827278984	0.24778316447393853	0.8714449842953518	0.9723883438463526	0.9999455679334293	1	1	0.9723883438463526	0.8694459292367738	0.8043021816099842
BBX:chr1:1725000_chr1:1615081-1615893_distal_250kb		0.035126102330431695	2.814126564982123	2.497912617625313	0.8714449842953518	0.9723883438463526	0.5787152782889806	1	1	0.9723883438463526	0.011944772614114385	0.012492698396032927
SRSF7:chr1:1730000_chr1:1615081-1615893_distal_250kb		0.035126102330431695	-0.03707269301669968	-0.07248501416953856	0.8714449842953518	0.9723883438463526	0.9999455679334293	1	-1	0.9723883438463526	0.9708589054064445	0.9422159310567075
EPC1:chr1:1735000_chr1:1615081-1615893_distal_250kb		0.035126102330431695	0.07713328122381143	-0.0016533695392501131	0.8714449842953518	0.9723883438463526	0.9999455679334293	1	1	0.9723883438463526	0.9394180682228022	0.9986808025723637
RNF149:chr1:1740000_chr1:1615081-1615893_distal_250kb		0.035126102330431695	0.14914568766205324	0.1870218121841162	0.8714449842953518	0.9723883438463526	0.9999455679334293	1	1	0.9723883438463526	0.883193699407787	0.8516435310237666
SEMA4D:chr1:1745000_chr1:1615081-1615893_distal_250kb		0.035126102330431695	0.010584335436909476	-0.10203761473135818	0.8714449842953518	0.9723883438463526	0.9999455679334293	1	1	0.9723883438463526	0.9916783000014318	0.9187268186468817
LINC01578:chr1:1750000_chr1:1615081-1615893_distal_250kb		0.035126102330431695	-0.16073111540562826	-0.1620472122993508	0.8714449842953518	0.9723883438463526	0.9999455679334293	1	-1	0.9723883438463526	0.8741997370904099	0.8712686751235288
YWHAB:chr1:1755000_chr1:1615081-1615893_distal_250kb		0.035126102330431695	-0.0538820928374319	-0.12568176941263218	0.8714449842953518	0.9723883438463526	0.9999455679334293	1	-1	0.9723883438463526	0.957657250926921	0.8999838333249202
GMFG:chr1:1760000_chr1:1615081-1615893_distal_250kb		0.035126102330431695	-0.16501278972638597	-0.17160911729399872	0.8714449842953518	0.9723883438463526	0.9999455679334293	1	-1	0.9723883438463526	0.8708802122455809	0.8637448392313554
NCOA1:chr1:1765000_chr1:1615081-1615893_distal_250kb		0.035126102330431695	0.07654291209143674	0.1506781287294845	0.8714449842953518	0.9723883438463526	0.9999455679334293	1	1	0.9723883438463526	0.9398807937347177	0.8802296269753469
INPP5D:chr1:1770000_chr1:1615081-1615893_distal_250kb		0.035126102330431695	-0.019442878942327407	0.04970407240073163	0.8714449842953518	0.9723883438463526	0.9999455679334293	1	-1	0.9723883438463526	0.9847141833105282	0.9603582111663533
TRA2A:chr1:1775000_chr1:1615081-1615893_distal_250kb		0.035126102330431695	0.21663980218113432	0.25271086602094617	0.8714449842953518	0.9723883438463526	0.9999455679334293	1	1	0.9723883438463526	0.8310675030019252	0.8004916505077666
ITGB2:chr1:1780000_chr1:1615081-1615893_distal_250kb		0.035126102330431695	0.13120565320239702	0.215345372861046	0.8714449842953518	0.9723883438463526	0.9999455679334293	1	1	0.9723883438463526	0.8971528550738914	0.8294980569077847
COG5:chr1:1785000_chr1:1615081-1615893_distal_250kb		0.035126102330431695	0.11538238187880792	0.12679833274341837	0.8714449842953518	0.9723883438463526	0.9999455679334293	1	1	0.9723883438463526	0.9094939887638331	0.8991000153654211
ARHGAP26:chr1:1790000_chr1:1615081-1615893_distal_250kb		0.035126102330431695	0.316578082639818	0.4897419920696885	0.8714449842953518	0.9723883438463526	0.9999455679334293	1	1	0.9723883438463526	0.7554181020106578	0.6243164831688842
ERBIN:chr1:1795000_chr1:1615081-1615893_distal_250kb		0.035126102330431695	-0.08330412885482529	-0.07020643226734335	0.8714449842953518	0.9723883438463526	0.9999455679334293	1	-1	0.9723883438463526	0.9345827854549043	0.9440293547516986
FLI1:chr1:1800000_chr1:1615081-1615893_distal_250kb		0.035126102330431695	0.12151384798873335	0.11601549317893747	0.8714449842953518	0.9723883438463526	0.9999455679334293	1	1	0.9723883438463526	0.9047088313978594	0.9076402629297271
ARGLU1:chr1:1805000_chr1:1615081-1615893_distal_250kb		0.035126102330431695	0.017768506404336044	0.0036930867505897674	0.8714449842953518	0.9723883438463526	0.9999455679334293	1	1	0.9723883438463526	0.9860304063649379	0.9970533497981732
HSP90AB1:chr1:1810000_chr1:1615081-1615893_distal_250kb		0.035126102330431695	-0.3956911445368585	-0.3666985093329382	0.8714449842953518	0.9723883438463526	0.9999455679334293	1	-1	0.9723883438463526	0.6972545619244104	0.7138439186020942
RCSD1:chr1:1815000_chr1:1615081-1615893_distal_250kb		0.035126102330431695	-0.003484675144295055	-0.04172379531213392	0.8714449842953518	0.9723883438463526	0.9999455679334293	1	-1	0.9723883438463526	0.9972602028285669	0.9667188845598994
RPL36AL:chr1:1820000_chr1:1615081-1615893_distal_250kb		0.035126102330431695	-0.06267694271574203	-0.19036503893316228	0.8714449842953518	0.9723883438463526	0.9999455679334293	1	-1	0.9723883438463526	0.9507548027746943	0.8490230915888809
ANKHD1:chr1:1825000_chr1:1615081-1615893_distal_250kb		0.035126102330431695	-0.3575121902013721	-0.4502059325133427	0.8714449842953518	0.9723883438463526	0.9999455679334293	1	-1	0.9723883438463526	0.7251083245735515	0.6525619590098467
SAT1:chr1:1830000_chr1:1615081-1615893_distal_250kb		0.035126102330431695	0.1194543873395102	0.297941329202492	0.8714449842953518	0.9723883438463526	0.9999455679334293	1	1	0.9723883438463526	0.9063156774268553	0.7657479434394836
LTB:chr1:1835000_chr1:1615081-1615893_distal_250kb		0.035126102330431695	-0.3947205781189218	-0.4923733029344959	0.8714449842953518	0.9723883438463526	0.9999455679334293	1	-1	0.9723883438463526	0.6979573679703048	0.6224554686644097
NR3C1:chr1:1840000_chr1:1615081-1615893_distal_250kb		0.035126102330431695	-0.06687816396414649	-0.042426104968115275	0.8714449842953518	0.9723883438463526	0.9999455679334293	1	-1	0.9723883438463526	0.9474589515080003	0.9661590183253727
AC079793.1:chr1:1845000_chr1:1615081-1615893_distal_250kb		0.035126102330431695	-0.21932436357560667	-0.2837965597906902	0.8714449842953518	0.9723883438463526	0.9999455679334293	1	-1	0.9723883438463526	0.8290091467391735	0.77656629107319
HNRNPU:chr1:1850000_chr1:1615081-1615893_distal_250kb		0.035126102330431695	-0.021222452608197304	-0.013937886544913911	0.8714449842953518	0.9723883438463526	0.9999455679334293	1	-1	0.9723883438463526	0.9833153115475333	0.9888795355690034
PDE7A:chr1:1855000_chr1:1615081-1615893_distal_250kb		0.035126102330431695	-0.09180833814062851	-0.11566879681933485	0.8714449842953518	0.9723883438463526	0.9999455679334293	1	-1	0.9723883438463526	0.9279235032876466	0.9079150367516812
LRBA:chr1:1860000_chr1:1615081-1615893_distal_250kb		0.035126102330431695	-0.03930181149144608	-0.11581696378436533	0.8714449842953518	0.9723883438463526	0.9999455679334293	1	-1	0.9723883438463526	0.9691076284582079	0.9077976058347967
PIK3R5:chr1:1865000_chr1:1615081-1615893_distal_250kb		0.035126102330431695	0.031737559058653504	0.13047116369464948	0.8714449842953518	0.9723883438463526	0.9999455679334293	1	1	0.9723883438463526	0.9750509865401777	0.8961936671439233
ACTR2:chr1:1980000_chr1:2227386-2228299_distal_250kb		-0.06898782927951311	-0.15407805853443649	-0.15942037079855584	0.8714449842953518	0.9723883438463526	0.9999455679334293	-1	-1	0.945804288304277	0.8793625340651634	0.8733376905724735
FAM172A:chr1:1985000_chr1:2227386-2228299_distal_250kb		-0.06898782927951311	0.13174703931911935	0.1319622511686248	0.8714449842953518	0.9723883438463526	0.9999455679334293	-1	1	0.945804288304277	0.8967310694629259	0.8950141497740726
BPTF:chr1:1990000_chr1:2227386-2228299_distal_250kb		-0.06898782927951311	0.02286891727070067	-0.029720104525907304	0.8714449842953518	0.9723883438463526	0.9999455679334293	-1	1	0.945804288304277	0.9820211226628672	0.9762902779101532
ATRX:chr1:1995000_chr1:2227386-2228299_distal_250kb		-0.06898782927951311	-0.07203513052013905	-0.08983800005729699	0.8714449842953518	0.9723883438463526	0.9999455679334293	-1	-1	0.945804288304277	0.943414665854493	0.9284159505874736
ROCK1:chr1:2000000_chr1:2227386-2228299_distal_250kb		-0.06898782927951311	0.13579427762570542	0.11528012393957777	0.8714449842953518	0.9723883438463526	0.9999455679334293	-1	1	0.945804288304277	0.8935789450893323	0.9082230921185601
ARPC2:chr1:2005000_chr1:2227386-2228299_distal_250kb		-0.06898782927951311	-0.06688075017539548	-0.1096594948094364	0.8714449842953518	0.9723883438463526	0.9999455679334293	-1	-1	0.945804288304277	0.9474569229250336	0.9126794250769253
SP110:chr1:2010000_chr1:2227386-2228299_distal_250kb		-0.06898782927951311	-0.02243810440858147	-0.0004865711836825586	0.8714449842953518	0.9723883438463526	0.9999455679334293	-1	-1	0.945804288304277	0.9823597544433613	0.999611772380127
GLG1:chr1:2015000_chr1:2227386-2228299_distal_250kb		-0.06898782927951311	0.03240175732048909	-0.05392471385748204	0.8714449842953518	0.9723883438463526	0.9999455679334293	-1	1	0.945804288304277	0.9745290492642039	0.9569951464981138
SF1:chr1:2020000_chr1:2227386-2228299_distal_250kb		-0.06898782927951311	0.08629460860519242	0.12641683846590132	0.8714449842953518	0.9723883438463526	0.9999455679334293	-1	1	0.945804288304277	0.9322404734295153	0.8994019739140259
PPP2R5C:chr1:2025000_chr1:2227386-2228299_distal_250kb		-0.06898782927951311	-0.2640308809534724	-0.33138538675495194	0.8714449842953518	0.9723883438463526	0.9999455679334293	-1	-1	0.945804288304277	0.7949302022937752	0.74035340159721
TCF12:chr1:2030000_chr1:2227386-2228299_distal_250kb		-0.06898782927951311	-0.06866862666376923	-0.05348019732002903	0.8714449842953518	0.9723883438463526	0.9999455679334293	-1	-1	0.945804288304277	0.9460546307142423	0.9573493083159277
OSBPL8:chr1:2035000_chr1:2227386-2228299_distal_250kb		-0.06898782927951311	0.22476954399777924	0.2045910171911809	0.8714449842953518	0.9723883438463526	0.9999455679334293	-1	1	0.945804288304277	0.8248380621916152	0.8378916741966215
NCOA2:chr1:2040000_chr1:2227386-2228299_distal_250kb		-0.06898782927951311	-0.05918500077756898	-0.05570054165050855	0.8714449842953518	0.9723883438463526	0.9999455679334293	-1	-1	0.945804288304277	0.9534949274343896	0.9555803679995086
NKTR:chr1:2045000_chr1:2227386-2228299_distal_250kb		-0.06898782927951311	0.034730271877904076	-0.007132494047284846	0.8714449842953518	0.9723883438463526	0.9999455679334293	-1	1	0.945804288304277	0.9726993620135417	0.9943091413710344
WIPF1:chr1:2050000_chr1:2227386-2228299_distal_250kb		-0.06898782927951311	0.2483446946697084	0.24197619745959828	0.8714449842953518	0.9723883438463526	0.9999455679334293	-1	1	0.945804288304277	0.8068428676648707	0.8087986069110298
STAG1:chr1:2055000_chr1:2227386-2228299_distal_250kb		-0.06898782927951311	-0.16827834937210429	-0.12793214922444815	0.8714449842953518	0.9723883438463526	0.9999455679334293	-1	-1	0.945804288304277	0.8683501301572781	0.8982026686813354
MAP4K4:chr1:2060000_chr1:2227386-2228299_distal_250kb		-0.06898782927951311	-0.12858342009738366	-0.12329900973699964	0.8714449842953518	0.9723883438463526	0.9999455679334293	-1	-1	0.945804288304277	0.8991962428004725	0.9018703249658835
CALM2:chr1:2065000_chr1:2227386-2228299_distal_250kb		-0.06898782927951311	-0.06229828025831571	-0.06682584190289761	0.8714449842953518	0.9723883438463526	0.9999455679334293	-1	-1	0.945804288304277	0.9510519089126348	0.9467203505252783
PPP1R12A:chr1:2070000_chr1:2227386-2228299_distal_250kb		-0.06898782927951311	-0.10924992915487203	-0.10115977061514468	0.8714449842953518	0.9723883438463526	0.9999455679334293	-1	-1	0.945804288304277	0.9142834999433658	0.9194236312427422
LUC7L3:chr1:2075000_chr1:2227386-2228299_distal_250kb		-0.06898782927951311	-0.0705254163148459	-0.08965289111087245	0.8714449842953518	0.9723883438463526	0.9999455679334293	-1	-1	0.945804288304277	0.9445984805317837	0.9285630525655653
AOAH:chr1:2080000_chr1:2227386-2228299_distal_250kb		-0.06898782927951311	0.020859766334110918	0.07452639918073463	0.8714449842953518	0.9723883438463526	0.9999455679334293	-1	1	0.945804288304277	0.9836004044282998	0.9405915360632349
COX7C:chr1:2085000_chr1:2227386-2228299_distal_250kb		-0.06898782927951311	-0.19265243608267743	-0.23542393070741455	0.8714449842953518	0.9723883438463526	0.9999455679334293	-1	-1	0.945804288304277	0.8495139152854598	0.8138797139502578
NAP1L1:chr1:2090000_chr1:2227386-2228299_distal_250kb		-0.06898782927951311	-0.10497531512593763	-0.12471542035906048	0.8714449842953518	0.9723883438463526	0.9999455679334293	-1	-1	0.945804288304277	0.9176240392943917	0.9007488490375655
UBAC2:chr1:2095000_chr1:2227386-2228299_distal_250kb		-0.06898782927951311	0.17152239616413517	0.12019460589623479	0.8714449842953518	0.9723883438463526	0.9999455679334293	-1	1	0.945804288304277	0.8658381704431425	0.9043289906706135
CHD2:chr1:2100000_chr1:2227386-2228299_distal_250kb		-0.06898782927951311	0.07642948510619216	0.045942888354200045	0.8714449842953518	0.9723883438463526	0.9999455679334293	-1	1	0.945804288304277	0.9399696992286108	0.9633557702852209
EIF4A1:chr1:2105000_chr1:2227386-2228299_distal_250kb		-0.06898782927951311	-0.07232349133961401	-0.036942933910923875	0.8714449842953518	0.9723883438463526	0.9999455679334293	-1	-1	0.945804288304277	0.943188568424191	0.9705305067850883
EXOC4:chr1:2110000_chr1:2227386-2228299_distal_250kb		-0.06898782927951311	0.0143990613364653	0.04605826256694304	0.8714449842953518	0.9723883438463526	0.9999455679334293	-1	1	0.945804288304277	0.9886792463995212	0.9632638123276507
LPP:chr1:2115000_chr1:2227386-2228299_distal_250kb		-0.06898782927951311	-0.059400676324055844	-0.029810169686138657	0.8714449842953518	0.9723883438463526	0.9999455679334293	-1	-1	0.945804288304277	0.9533256692345538	0.9762184481356865
DUSP1:chr1:2120000_chr1:2227386-2228299_distal_250kb		-0.06898782927951311	0.17969929268745174	0.2467182399445877	0.8714449842953518	0.9723883438463526	0.9999455679334293	-1	1	0.945804288304277	0.8595131755578922	0.8051262894204485
LYZ:chr1:2125000_chr1:2227386-2228299_distal_250kb		-0.06898782927951311	0.3478128815197763	0.40301246687575815	0.8714449842953518	0.9723883438463526	0.9999455679334293	-1	1	0.945804288304277	0.7322500798862281	0.6869390532116919
TOMM7:chr1:2130000_chr1:2227386-2228299_distal_250kb		-0.06898782927951311	-0.22501071507806464	-0.29125204969637225	0.8714449842953518	0.9723883438463526	0.9999455679334293	-1	-1	0.945804288304277	0.8246534454120305	0.7708585572230882
OAZ1:chr1:2135000_chr1:2227386-2228299_distal_250kb		-0.06898782927951311	-0.09447366523336088	-0.06394118224979091	0.8714449842953518	0.9723883438463526	0.9999455679334293	-1	-1	0.945804288304277	0.9258375080331662	0.9490170606584782
PIAS1:chr1:2140000_chr1:2227386-2228299_distal_250kb		-0.06898782927951311	0.17384095702782776	0.19900631094003185	0.8714449842953518	0.9723883438463526	0.9999455679334293	-1	1	0.945804288304277	0.864043744829246	0.8422578079174783
RERE:chr1:2145000_chr1:2227386-2228299_distal_250kb		-0.06898782927951311	0.2981105954061363	0.2618354537533574	0.8714449842953518	0.9723883438463526	0.9999455679334293	-1	1	0.945804288304277	0.7692315076243537	0.7934483041867391
CD53:chr1:2150000_chr1:2227386-2228299_distal_250kb		-0.06898782927951311	-0.15233137293178928	-0.20396505713066793	0.8714449842953518	0.9723883438463526	0.9999455679334293	-1	-1	0.945804288304277	0.88071890610219	0.8383808052426909
HNRNPA1:chr1:2155000_chr1:2227386-2228299_distal_250kb		-0.06898782927951311	-0.034585811993368194	-0.07787880231056879	0.8714449842953518	0.9723883438463526	0.9999455679334293	-1	-1	0.945804288304277	0.97281287045034	0.9379244614948157
PACS1:chr1:2160000_chr1:2227386-2228299_distal_250kb		-0.06898782927951311	0.10938589426681623	0.002427486834111415	0.8714449842953518	0.9723883438463526	0.9999455679334293	-1	1	0.945804288304277	0.9141772722256181	0.998063147635723
NCOR1:chr1:2165000_chr1:2227386-2228299_distal_250kb		-0.06898782927951311	-0.0247380998305179	-0.09265051369988096	0.8714449842953518	0.9723883438463526	0.9999455679334293	-1	-1	0.945804288304277	0.9805519310958444	0.9261812121712052
FUS:chr1:2170000_chr1:2227386-2228299_distal_250kb		-0.06898782927951311	-0.026296246067041736	-0.03235476638193328	0.8714449842953518	0.9723883438463526	0.9999455679334293	-1	-1	0.945804288304277	0.9793272711606382	0.9741891347825967
ACAP2:chr1:2175000_chr1:2227386-2228299_distal_250kb		-0.06898782927951311	0.26604747836862697	0.2694521121589453	0.8714449842953518	0.9723883438463526	0.9999455679334293	-1	1	0.945804288304277	0.7934024304263068	0.7875817887509177
STAT1:chr1:2180000_chr1:2227386-2228299_distal_250kb		-0.06898782927951311	0.16570846071372153	0.19813430155096176	0.8714449842953518	0.9723883438463526	0.9999455679334293	-1	1	0.945804288304277	0.8703411002452764	0.8429399880349185
CCNL1:chr1:2185000_chr1:2227386-2228299_distal_250kb		-0.06898782927951311	-0.09129286870265413	-0.08281869483436621	0.8714449842953518	0.9723883438463526	0.9999455679334293	-1	-1	0.945804288304277	0.9283269938253491	0.9339957038653091
TGFBR2:chr1:2190000_chr1:2227386-2228299_distal_250kb		-0.06898782927951311	0.13676599154554767	0.029277039936454176	0.8714449842953518	0.9723883438463526	0.9999455679334293	-1	1	0.945804288304277	0.8928224125113599	0.9766436385280214
ITGA4:chr1:2195000_chr1:2227386-2228299_distal_250kb		-0.06898782927951311	0.2505074935632395	0.26505469196265696	0.8714449842953518	0.9723883438463526	0.9999455679334293	-1	1	0.945804288304277	0.8051973783189667	0.7909673298942321
COX4I1:chr1:2200000_chr1:2227386-2228299_distal_250kb		-0.06898782927951311	-0.0930081800624499	-0.0840691710896545	0.8714449842953518	0.9723883438463526	0.9999455679334293	-1	-1	0.945804288304277	0.9269843895672316	0.933001435754327
IQGAP2:chr1:2205000_chr1:2227386-2228299_distal_250kb		-0.06898782927951311	0.06174294789596231	0.0431948906846786	0.8714449842953518	0.9723883438463526	0.9999455679334293	-1	1	0.945804288304277	0.9514876471984182	0.965546177932189
SH3BGRL3:chr1:2210000_chr1:2227386-2228299_distal_250kb		-0.06898782927951311	-0.05461067059805652	-0.03873222241222487	0.8714449842953518	0.9723883438463526	0.9999455679334293	-1	-1	0.945804288304277	0.9570853030865107	0.9691038829069519
PICALM:chr1:2215000_chr1:2227386-2228299_distal_250kb		-0.06898782927951311	0.0943570018661822	0.1367549273287104	0.8714449842953518	0.9723883438463526	0.9999455679334293	-1	1	0.945804288304277	0.9259288020926748	0.8912245116035367
COP1:chr1:2220000_chr1:2227386-2228299_distal_250kb		-0.06898782927951311	0.00023882047496644377	-0.002701766590906552	0.8714449842953518	0.9723883438463526	0.9999455679334293	-1	1	0.945804288304277	0.99981222896533	0.9978443047728213
CHST11:chr1:2225000_chr1:2227386-2228299_distal_250kb		-0.06898782927951311	0.24636454633505667	0.2375029871442179	0.8714449842953518	0.9723883438463526	0.9999455679334293	-1	1	0.945804288304277	0.8083502118242809	0.8122666020862599
PFDN5:chr1:2230000_chr1:2227386-2228299_distal_250kb		-0.06898782927951311	-0.09254874859995936	-0.08315522138531727	0.8714449842953518	0.9723883438463526	0.9999455679334293	-1	-1	0.945804288304277	0.9273439725704019	0.933728117526997
SRSF5:chr1:2235000_chr1:2227386-2228299_distal_250kb		-0.06898782927951311	-0.4149972870639573	-0.44352562156774733	0.8714449842953518	0.9723883438463526	0.9999455679334293	-1	-1	0.945804288304277	0.6833341732161535	0.6573855910668305
AKAP9:chr1:2240000_chr1:2227386-2228299_distal_250kb		-0.06898782927951311	-0.07522971025727115	-0.08383368431679301	0.8714449842953518	0.9723883438463526	0.9999455679334293	-1	-1	0.945804288304277	0.9409101475221875	0.9331886660655084
MYL12A:chr1:2245000_chr1:2227386-2228299_distal_250kb		-0.06898782927951311	-0.2855959810504061	-0.28528387029119284	0.8714449842953518	0.9723883438463526	0.9999455679334293	-1	-1	0.945804288304277	0.7786381898492731	0.7754266692750318
PIP4K2A:chr1:2250000_chr1:2227386-2228299_distal_250kb		-0.06898782927951311	-0.1986650065362608	-0.27694889535439365	0.8714449842953518	0.9723883438463526	0.9999455679334293	-1	-1	0.945804288304277	0.8448813178526802	0.7818193473223201
SCAF11:chr1:2255000_chr1:2227386-2228299_distal_250kb		-0.06898782927951311	0.02917191375471627	0.021562439586710364	0.8714449842953518	0.9723883438463526	0.9999455679334293	-1	1	0.945804288304277	0.9770672175607982	0.9827969954282342
TCF25:chr1:2260000_chr1:2227386-2228299_distal_250kb		-0.06898782927951311	0.07311850736687459	0.05696843887649947	0.8714449842953518	0.9723883438463526	0.9999455679334293	-1	1	0.945804288304277	0.9425652396033535	0.9545703364233762
TBC1D5:chr1:2265000_chr1:2227386-2228299_distal_250kb		-0.06898782927951311	2.8884490749789036	2.770017776430942	0.8714449842953518	0.9723883438463526	0.5787152782889806	-1	1	0.945804288304277	0.010209365437712056	0.005605323333552537
JUN:chr1:2270000_chr1:2227386-2228299_distal_250kb		-0.06898782927951311	-0.20682034493769486	-0.20547857350576043	0.8714449842953518	0.9723883438463526	0.9999455679334293	-1	-1	0.945804288304277	0.8386071167177411	0.8371982368065194
LAPTM5:chr1:2275000_chr1:2227386-2228299_distal_250kb		-0.06898782927951311	-0.01844360818410971	-0.0061318439906239445	0.8714449842953518	0.9723883438463526	0.9999455679334293	-1	-1	0.945804288304277	0.9854997041304456	0.995107527009747
EML4:chr1:2280000_chr1:2227386-2228299_distal_250kb		-0.06898782927951311	-0.08928190639402457	-0.16672515464437215	0.8714449842953518	0.9723883438463526	0.9999455679334293	-1	-1	0.945804288304277	0.929901292317862	0.8675863120158465
KANSL1:chr1:2285000_chr1:2227386-2228299_distal_250kb		-0.06898782927951311	0.30509870792032656	0.23403465304880136	0.8714449842953518	0.9723883438463526	0.9999455679334293	-1	1	0.945804288304277	0.7639948154136685	0.814958076349221
CTSS:chr1:2290000_chr1:2227386-2228299_distal_250kb		-0.06898782927951311	0.27997774778767576	0.3083607014902694	0.8714449842953518	0.9723883438463526	0.9999455679334293	-1	1	0.945804288304277	0.7828727956815352	0.7578078815969457
VPS13C:chr1:2295000_chr1:2227386-2228299_distal_250kb		-0.06898782927951311	-0.07807951767431615	-0.08023259279734644	0.8714449842953518	0.9723883438463526	0.9999455679334293	-1	-1	0.945804288304277	0.938676464002083	0.936052268406691
NOP53:chr1:2300000_chr1:2227386-2228299_distal_250kb		-0.06898782927951311	-0.07649085012683193	-0.13984572795514463	0.8714449842953518	0.9723883438463526	0.9999455679334293	-1	-1	0.945804288304277	0.9399216004542887	0.8887818825837824
TNFAIP8:chr1:2305000_chr1:2227386-2228299_distal_250kb		-0.06898782927951311	-0.18712401670026352	-0.21992942915893915	0.8714449842953518	0.9723883438463526	0.9999455679334293	-1	-1	0.945804288304277	0.8537784914553225	0.8259261162317253
IRF1:chr1:2310000_chr1:2227386-2228299_distal_250kb		-0.06898782927951311	0.2714890850995716	0.25821884391244443	0.8714449842953518	0.9723883438463526	0.9999455679334293	-1	1	0.945804288304277	0.7892842038857101	0.7962380156133178
EEF2:chr1:2315000_chr1:2227386-2228299_distal_250kb		-0.06898782927951311	-0.19957945095556034	-0.24071590897634895	0.8714449842953518	0.9723883438463526	0.9999455679334293	-1	-1	0.945804288304277	0.8441772594519642	0.809775307900011
TBC1D22A:chr1:2320000_chr1:2227386-2228299_distal_250kb		-0.06898782927951311	-0.053722544960953425	-0.0007938184455824407	0.8714449842953518	0.9723883438463526	0.9999455679334293	-1	-1	0.945804288304277	0.9577825023248355	0.9993666245847093
MBP:chr1:2325000_chr1:2227386-2228299_distal_250kb		-0.06898782927951311	0.09833479440404619	0.08036046904926646	0.8714449842953518	0.9723883438463526	0.9999455679334293	-1	1	0.945804288304277	0.9228166184765841	0.9359505663125043
ARPC1B:chr1:2330000_chr1:2227386-2228299_distal_250kb		-0.06898782927951311	-0.2834759677950853	-0.24624758687316647	0.8714449842953518	0.9723883438463526	0.9999455679334293	-1	-1	0.945804288304277	0.7802352644073928	0.8054905804096928
ITM2B:chr1:2335000_chr1:2227386-2228299_distal_250kb		-0.06898782927951311	-0.09246619744434155	-0.08495082884709697	0.8714449842953518	0.9723883438463526	0.9999455679334293	-1	-1	0.945804288304277	0.9274085845611327	0.9323004822229815
LCP1:chr1:2340000_chr1:2227386-2228299_distal_250kb		-0.06898782927951311	-0.05342804910172334	-0.022532457094943545	0.8714449842953518	0.9723883438463526	0.9999455679334293	-1	-1	0.945804288304277	0.9580136962129555	0.9820232215497549
MYH9:chr1:2345000_chr1:2227386-2228299_distal_250kb		-0.06898782927951311	0.008626300371196669	-0.02646546466348333	0.8714449842953518	0.9723883438463526	0.9999455679334293	-1	1	0.945804288304277	0.9932177168120432	0.9788860791509257
USP34:chr1:2350000_chr1:2227386-2228299_distal_250kb		-0.06898782927951311	0.10705093829137771	0.06300968187777495	0.8714449842953518	0.9723883438463526	0.9999455679334293	-1	1	0.945804288304277	0.9160017724223661	0.9497587946193115
PLCL2:chr1:2355000_chr1:2227386-2228299_distal_250kb		-0.06898782927951311	-0.18447865777497502	-0.2610577819901464	0.8714449842953518	0.9723883438463526	0.9999455679334293	-1	-1	0.945804288304277	0.8558207570508666	0.7940479480956276
HNRNPC:chr1:2360000_chr1:2227386-2228299_distal_250kb		-0.06898782927951311	-0.008119983017300643	-0.01881909034179867	0.8714449842953518	0.9723883438463526	0.9999455679334293	-1	-1	0.945804288304277	0.9936157907402616	0.9849854246288896
USP3:chr1:2365000_chr1:2227386-2228299_distal_250kb		-0.06898782927951311	0.1740864067535987	0.2151914179812707	0.8714449842953518	0.9723883438463526	0.9999455679334293	-1	1	0.945804288304277	0.8638538261805709	0.82961808165837
STK10:chr1:2370000_chr1:2227386-2228299_distal_250kb		-0.06898782927951311	0.13261557910939548	0.13122270782991075	0.8714449842953518	0.9723883438463526	0.9999455679334293	-1	1	0.945804288304277	0.8960544699750208	0.8955991330276698
YWHAZ:chr1:2375000_chr1:2227386-2228299_distal_250kb		-0.06898782927951311	-0.13643278839044465	-0.12506057159141307	0.8714449842953518	0.9723883438463526	0.9999455679334293	-1	-1	0.945804288304277	0.8930818174993549	0.900475597484061
FAM49B:chr1:2380000_chr1:2227386-2228299_distal_250kb		-0.06898782927951311	0.1907112300377787	0.22135297650619062	0.8714449842953518	0.9723883438463526	0.9999455679334293	-1	1	0.945804288304277	0.8510108056821967	0.8248176035558479
SH3KBP1:chr1:2385000_chr1:2227386-2228299_distal_250kb		-0.06898782927951311	0.365547725573	0.38846351097253307	0.8714449842953518	0.9723883438463526	0.9999455679334293	-1	1	0.945804288304277	0.7192112823619736	0.6976730520208767
TAOK3:chr1:2390000_chr1:2227386-2228299_distal_250kb		-0.06898782927951311	0.04423603358016081	0.030403859583326646	0.8714449842953518	0.9723883438463526	0.9999455679334293	-1	1	0.945804288304277	0.9652317141667063	0.9757449667778063
EEF1B2:chr1:2395000_chr1:2227386-2228299_distal_250kb		-0.06898782927951311	-0.24805095869746246	-0.25719387323790305	0.8714449842953518	0.9723883438463526	0.9999455679334293	-1	-1	0.945804288304277	0.8070664184367657	0.7970291134154838
CCND3:chr1:2400000_chr1:2227386-2228299_distal_250kb		-0.06898782927951311	-0.32747951778179996	-0.36062597175972316	0.8714449842953518	0.9723883438463526	0.9999455679334293	-1	-1	0.945804288304277	0.7473034890699521	0.7183790713761866
PNISR:chr1:2405000_chr1:2227386-2228299_distal_250kb		-0.06898782927951311	0.1256217101315523	0.12731621345085328	0.8714449842953518	0.9723883438463526	0.9999455679334293	-1	1	0.945804288304277	0.9015050453326289	0.8986901282546316
SRSF11:chr1:2410000_chr1:2227386-2228299_distal_250kb		-0.06898782927951311	0.06502051722729507	0.07366161379347268	0.8714449842953518	0.9723883438463526	0.9999455679334293	-1	1	0.945804288304277	0.9489161551227535	0.9412796435279186
VPS13B:chr1:2415000_chr1:2227386-2228299_distal_250kb		-0.06898782927951311	0.057150834676475123	0.06061929243397243	0.8714449842953518	0.9723883438463526	0.9999455679334293	-1	1	0.945804288304277	0.9550914149221518	0.9516624086381853
PAN3:chr1:2420000_chr1:2227386-2228299_distal_250kb		-0.06898782927951311	0.09363723951078409	0.06954714714469454	0.8714449842953518	0.9723883438463526	0.9999455679334293	-1	1	0.945804288304277	0.9264920702994967	0.9445541054801848
ASH1L:chr1:2425000_chr1:2227386-2228299_distal_250kb		-0.06898782927951311	0.030425582214491084	0.00022310092477967247	0.8714449842953518	0.9723883438463526	0.9999455679334293	-1	1	0.945804288304277	0.9760819922520725	0.9998219912180941
PPIA:chr1:2430000_chr1:2227386-2228299_distal_250kb		-0.06898782927951311	-0.48029087591206665	-0.5036706543142957	0.8714449842953518	0.9723883438463526	0.9999455679334293	-1	-1	0.945804288304277	0.6371426378666497	0.6144928333883337
KLF6:chr1:2435000_chr1:2227386-2228299_distal_250kb		-0.06898782927951311	0.2167546022694123	0.2308149368469887	0.8714449842953518	0.9723883438463526	0.9999455679334293	-1	1	0.945804288304277	0.8309794553834067	0.8174585766087924
RAP1B:chr1:2440000_chr1:2227386-2228299_distal_250kb		-0.06898782927951311	-0.13422181071445657	-0.15114886989118168	0.8714449842953518	0.9723883438463526	0.9999455679334293	-1	-1	0.945804288304277	0.89480342018863	0.8798582827035617
KMT2E:chr1:2445000_chr1:2227386-2228299_distal_250kb		-0.06898782927951311	0.044320043066915664	0.0005869006687208504	0.8714449842953518	0.9723883438463526	0.9999455679334293	-1	1	0.945804288304277	0.9651657307752872	0.9995317210445861
SIK3:chr1:2450000_chr1:2227386-2228299_distal_250kb		-0.06898782927951311	0.18779589125374624	0.1859336880524948	0.8714449842953518	0.9723883438463526	0.9999455679334293	-1	1	0.945804288304277	0.8532599614694144	0.8524967635739391
AAK1:chr1:2455000_chr1:2227386-2228299_distal_250kb		-0.06898782927951311	-0.05958589464380879	-0.09837361771122839	0.8714449842953518	0.9723883438463526	0.9999455679334293	-1	-1	0.945804288304277	0.9531803151375673	0.9216356230664238
CAPZB:chr1:2460000_chr1:2227386-2228299_distal_250kb		-0.06898782927951311	0.10363222286278692	0.08355866200724966	0.8714449842953518	0.9723883438463526	0.9999455679334293	-1	1	0.945804288304277	0.9186739739950156	0.9334073348836989
ATM:chr1:2465000_chr1:2227386-2228299_distal_250kb		-0.06898782927951311	0.0754515045932409	0.04414946968728841	0.8714449842953518	0.9723883438463526	0.9999455679334293	-1	1	0.945804288304277	0.9407362863364719	0.964785260092727
ARID4B:chr1:2470000_chr1:2227386-2228299_distal_250kb		-0.06898782927951311	-0.09639056569473495	-0.18614324546894712	0.8714449842953518	0.9723883438463526	0.9999455679334293	-1	-1	0.945804288304277	0.9243376051303092	0.8523324295223556
PARP8:chr1:2475000_chr1:2227386-2228299_distal_250kb		-0.06898782927951311	-0.06393697201786462	-0.09323143788633959	0.8714449842953518	0.9723883438463526	0.9999455679334293	-1	-1	0.945804288304277	0.9497662125767783	0.9257196993287292
RPL7:chr1:2995000_chr14:81220663-81221541_external		2.8769365588303852	2.635935522628134	0.6769868488883151	0.8714449842953518	0.024925852220150254	0.5787152782889806	1	1	0.010461226169797213	0.017339783619145486	0.49841429846810115
XRN1:chr1:1575000_chr19:41859497-41860387_external		3.098185233654519	3.0805978540075696	0.9202627661723177	0.8714449842953518	0.024925852220150254	0.5787152782889806	1	1	0.006529881377712339	0.0067805353410292	0.35743546142399585
ANKRD44:chr1:3165000_chr16:9090972-9091894_external		2.6564241463984315	2.6956321245298582	0.8098859642819907	0.8714449842953518	0.024925852220150254	0.5787152782889806	1	1	0.016617234813433503	0.015314010193094136	0.41800571940711817
ARHGAP25:chr1:1305000_chr16:53502986-53503900_external		3.147654445390986	3.4720373418843513	1.2731910009990983	0.8714449842953518	0.024925852220150254	0.5787152782889806	1	1	0.00587249357192599	0.0029155125414537615	0.2029502731037155
RACK1:chr1:2780000_chr8:25458286-25459168_external		2.1265619444006574	1.9753932836528556	0.5460598326346494	0.8714449842953518	0.06453392432369284	0.9999455679334293	1	1	0.04840044324276964	0.06468876847889973	0.5850248093569907
CD44:chr1:2715000_chr19:10960416-10961319_external		2.071624853879941	1.9916776209658298	1.102928777215261	0.8714449842953518	0.06459580158118072	0.9999455679334293	1	1	0.05382983465098393	0.06272255014702327	0.2700580960685578
FNBP4:chr1:1425000_chr1:1307786-1308731_external		2.979017211469808	3.119979818841771	1.3049413961428775	0.8714449842953518	0.024925852220150254	0.5787152782889806	1	1	0.008422987777361491	0.006231821471891367	0.19191280388878673
UTRN:chr1:2905000_chr19:49495755-49496659_external		2.718602486484262	2.772178130218799	0.8434241500584154	0.8714449842953518	0.024925852220150254	0.5787152782889806	1	1	0.014596603822375534	0.013046571455673592	0.39899127012663416
TBC1D5:chr1:2265000_chr7:44082168-44083093_external		2.783586614316867	2.8884490749789036	0.45276493773747234	0.8714449842953518	0.024925852220150254	0.5787152782889806	1	1	0.012737591083510608	0.010209365437712056	0.6507180136752124
BBX:chr1:1725000_chr4:152535836-152536698_external		2.7563954711759235	2.814126564982123	0.8204164978692855	0.8714449842953518	0.024925852220150254	0.5787152782889806	1	1	0.013485936020197728	0.011944772614114385	0.41197871364713634
